rid,User ID,Account Level,Posts Content,Reposts,Comments,Like,Time,Keywords,Hashtags,话题讨论数,话题阅读数
1,v卿_睿,普通用户,"#结婚后该不该AA制# 不管这个社会多浮躁，我始终相信，大部分的人结婚都不仅仅是为了搭伙过个日子而已，也不是“做一天和尚撞一天钟”的得过且过。更多的人结婚都是为了追求幸福的。不管是否AA制，都是为了更好地过生活，我是非常0同AA制的。比如#情侣同居房租该不该AA制#

回到问题的本质，结婚后该 ...全文",0,0,0,11-27,#情侣同居房租该不该aa制#,#情侣同居房租该不该aa制#,阅读2.3亿,讨论1.9万
2,路灯与月影,普通用户,#家暴##情侣同居房租该不该aa制# 说到房费水费就开始让我给，心里怕是计算的比谁都清楚吧，自己比谁都清楚，什么都要aa，三个月饭钱菜钱一起花最多不超过一千多，房租我帮你分担每个人他只用给300多，他出去单独住一个人房租都要600多。一个男人就该赚钱养家，不管怎么样都是，无论如何微信他想删就删 ...全文,0,0,1,11-25,#情侣同居房租该不该aa制#,#情侣同居房租该不该aa制#,阅读2.3亿,讨论1.9万
3,红鱼998,普通用户,#情侣同居房租该不该AA制#被房子压垮的一代,0,0,0,11-25,#情侣同居房租该不该aa制#,#情侣同居房租该不该aa制#,阅读2.3亿,讨论1.9万
4,周思CIO,金v,"#情侣同居房租该不该AA制# ？
时代变了，居然有这种问题
嫁汉嫁汉，穿衣吃饭。白操还要女方负担一半房租？还是男人吗",3,44,169,11-25,#情侣同居房租该不该aa制#,#情侣同居房租该不该aa制#,阅读2.3亿,讨论1.9万
5,小橙大桃子麻麻,金v,"#结婚后该不该AA制# 不管这个社会多浮躁，我始终相信，大部分的人结婚都不仅仅是为了搭伙过个日子而已，也不是“做一天和尚撞一天钟”的得过且过。更多的人结婚都是为了追求幸福的。不管是否AA制，都是为了更好地过生活，我是非常0同AA制的。比如#情侣同居房租该不该AA制#

回到问题的本质，结婚后该 ...全文",827,744,2077,11-25,#情侣同居房租该不该aa制#,#情侣同居房租该不该aa制#,阅读2.3亿,讨论1.9万
6,北京生活杂志,金v,"写给单身男女的7条情感建议

1、享受读书

看书真的能让自己摆脱那些感性的烦恼，从书中的大智慧和小世界里找到个人情感的满足和寄托。

一本好的小说，能够让你置身其中，情节紧张之处会浑身汗毛竖起，脑海里幻想的画面比电影院的3D还爽。

亦或者是经典书籍，往往一句话就能点醒自己，让自己找到方向 ...全文",22,4,54,11-25,#情侣同居房租该不该aa制#,#情侣同居房租该不该aa制#,阅读2.3亿,讨论1.9万
7,潮人游纪,金v,"#情侣同居房租该不该AA制#
最好不要，房租AA那叫合租，不叫同居，既然决定要同居，那起先都是本着体验婚姻生活去的，一大早把所有东西都分得那么清楚，势必会对感情产生影响，还不如不同居。男的多承担，女的多主动，合伙过日子其实也跟开公司一样，关键看你们自己怎么取舍。

附带公司区别和说明，供 ...全文",0,3,0,11-24,#情侣同居房租该不该aa制#,#情侣同居房租该不该aa制#,阅读2.3亿,讨论1.9万
8,石家庄资讯通,金v,石家庄资讯通超话 来说一说#情侣同居房租该不该AA制# ？,1,24,31,11-24,#情侣同居房租该不该aa制#,#情侣同居房租该不该aa制#,阅读2.3亿,讨论1.9万
9,最搞笑视频大全,金v,#情侣同居房租该不该AA制#情侣同居房租该不该AA制吗？,0,5,4,11-24,#情侣同居房租该不该aa制#,#情侣同居房租该不该aa制#,阅读2.3亿,讨论1.9万
10,三分钟看电影,金v,"网友：情侣同居房租该不该AA制？

#情侣同居房租该不该AA制#",4,74,150,11-24,#情侣同居房租该不该aa制#,#情侣同居房租该不该aa制#,阅读2.3亿,讨论1.9万
11,大洛阳的人,黄v,"#情侣同居房租该不该AA制#男女之间到底要不要AA制呢？

看到一妹子在网上的吐槽，情侣同居，房租该不该AA制，这个话题其实挺尴尬的，但是也很现实。毕竟谈情伤钱，谈钱伤感情。

有人认为，情侣同居，最好的状态就是，男人敢于承担，女人愿意分担。我觉得这句话说的相当好，一个承担，一个分担，两 ...全文",0,9,2,11-24,#情侣同居房租该不该aa制#,#情侣同居房租该不该aa制#,阅读2.3亿,讨论1.9万
12,种草・,普通用户,#情侣同居房租该不该AA制#情侣同居房租该不该AA制吗？,0,0,4,11-24,#情侣同居房租该不该aa制#,#情侣同居房租该不该aa制#,阅读2.3亿,讨论1.9万
13,老骥伏枥的冀,金v,淋浴房太豪国际家居秀超话,3,0,3,11-24,#情侣同居房租该不该aa制#,#情侣同居房租该不该aa制#,阅读2.3亿,讨论1.9万
14,李君的世界,黄v,#情侣同居房租该不该AA制#还是根据两个人的收入情况来定吧。贫贱夫妻百事哀，自然处处精打细算。没办法的事。,0,1,1,11-23,#情侣同居房租该不该aa制#,#情侣同居房租该不该aa制#,阅读2.3亿,讨论1.9万
15,调色小技巧,普通用户,"#情侣同居房租该不该AA制#情侣投影拍照姿势??
拍腻了情侣大头贴，那我们来试试不一样的情侣照吧??
连接起来看的话就是一个接吻动作的拆分。
因为是影子看不到表情的，所以你们可以运用一些比较夸张的动作，拍出来也很好看的??
拍这种照片很简单，你只需要准备一个手电筒和一台手机就可以了，家里 ...全文",71,45,288,11-23,#情侣同居房租该不该aa制#,#情侣同居房租该不该aa制#,阅读2.3亿,讨论1.9万
16,沙雕语录,金v,#赵丽颖跟小演员对戏#赵丽颖太温柔了吧，期待新作品～#女生生气的理由有多离奇##你支持教育惩戒吗##如何看待公开接吻行为##情侣同居房租该不该AA制# 头号迷妹王绿绿的微博视频,0,0,5,11-23,#情侣同居房租该不该aa制#,#情侣同居房租该不该aa制#,阅读2.3亿,讨论1.9万
17,沙雕语录,金v,赵丽颖怕是长在我的笑点上了，看她出洋相的视频我就笑个不停哈哈哈#赵丽颖跟小演员对戏# #女生生气的理由有多离奇##你支持教育惩戒吗##如何看待公开接吻行为##情侣同居房租该不该AA制# 全球热门话题排行的微博视频,1,2,5,11-23,#情侣同居房租该不该aa制#,#情侣同居房租该不该aa制#,阅读2.3亿,讨论1.9万
18,小呐叽,黄v,#情侣同居房租该不该aa制# 你们的对象有要求AA么？,0,0,2,11-23,#情侣同居房租该不该aa制#,#情侣同居房租该不该aa制#,阅读2.3亿,讨论1.9万
19,有机村味,黄v,#情侣同居房租该不该AA制#房租AA：“原来你只是把我当室友！”情侣同居，最好的状态就是，男人敢于承担，女人愿意分担。你认为情侣间同居，房租需要AA吗？,0,0,2,11-23,#情侣同居房租该不该aa制#,#情侣同居房租该不该aa制#,阅读2.3亿,讨论1.9万
20,情侣头像,金v,#情侣同居房租该不该aa制# 你觉得情侣同居房租该不该AA制？,5,64,340,11-23,#情侣同居房租该不该aa制#,#情侣同居房租该不该aa制#,阅读2.3亿,讨论1.9万
21,娱王爷,黄v,#情侣同居房租该不该AA制#情侣同居，最好的状态就是，男人敢于承担，女人愿意分担。,0,0,4,11-23,#情侣同居房租该不该aa制#,#情侣同居房租该不该aa制#,阅读2.3亿,讨论1.9万
22,米兰de微博,黄v,#情侣同居房租该不该AA制# 我认为不应该，没有物质基础的爱情不会长久，彼此相爱最终能走到一起谈婚论嫁，一般都不会计较金钱。生活离不开柴米油盐酱醋茶，男方买不起房，房租是必要支出，如果连房租都不肯出，要么非常小气计较，要么根本没有拿女方当回事，#V传播加速# 现在男女双方经济独立，同居之 ...全文,9,26,20,11-23,#情侣同居房租该不该aa制#,#情侣同居房租该不该aa制#,阅读2.3亿,讨论1.9万
23,亚瑟王妃,金v,那么你#如何看待公开接吻行为#呢？不应该在家吗？而且#情侣同居房租该不该AA制#不过情侣之间的话，我觉得还是AA比较好吧。总不能让一个人经济分担太大(我是女生) 亚瑟王妃的微博视频,24,46,785,11-23,#情侣同居房租该不该aa制#,#情侣同居房租该不该aa制#,阅读2.3亿,讨论1.9万
24,livephoto动态壁纸,黄v,"#情侣同居房租该不该AA制#
情侣吵架必备表情包，同居也得用起来[加油][加油][加油]",1,0,7,11-23,#情侣同居房租该不该aa制#,#情侣同居房租该不该aa制#,阅读2.3亿,讨论1.9万
25,电影音乐集结号,金v,#情侣同居房租该不该AA制#应该平摊，人人平等，不能有性别歧视。,0,0,2,11-23,#情侣同居房租该不该aa制#,#情侣同居房租该不该aa制#,阅读2.3亿,讨论1.9万
26,财宝宝小板凳,普通用户,#情侣同居房租该不该AA制#都同居了南方付吧!,0,0,0,11-23,#情侣同居房租该不该aa制#,#情侣同居房租该不该aa制#,阅读2.3亿,讨论1.9万
27,秋天乙,普通用户,#情侣同居房租该不该AA制#,0,0,0,11-23,#情侣同居房租该不该aa制#,#情侣同居房租该不该aa制#,阅读2.3亿,讨论1.9万
28,曝料君,金v,那结论#情侣同居房租该不该AA制#呢？@斑马信条,0,1,3,11-23,#情侣同居房租该不该aa制#,#情侣同居房租该不该aa制#,阅读2.3亿,讨论1.9万
29,百花香帅,金v,#情侣同居房租该不该AA制#情侣同居是试婚的开始，油盐酱醋茶都要都要彼此磨合。只要真心相爱一辈子，哪里还有别的奢求？房租AA制的情侣只要男方提出的，没有一个长久的，一旦哪天某方面AA不合理了，就吵架闹别扭了，很容易就分了。多数从租房走到婚姻殿堂的情侣基本是男方买单，你连爱情的窝都搞不定， ...全文,26,35,184,11-23,#情侣同居房租该不该aa制#,#情侣同居房租该不该aa制#,阅读2.3亿,讨论1.9万
30,一网红,普通用户,#情侣同居房租该不该AA制#你认为应该AA制吗？ 一网红的微博投票,0,0,18,11-23,#情侣同居房租该不该aa制#,#情侣同居房租该不该aa制#,阅读2.3亿,讨论1.9万
31,微趣味,普通用户,#情侣同居房租该不该AA制#你认为应该AA制吗？ 微趣味的微博投票,0,0,107,11-23,#情侣同居房租该不该aa制#,#情侣同居房租该不该aa制#,阅读2.3亿,讨论1.9万
32,速报哥,金v,#情侣同居房租该不该AA制# 如果男生连这个都不愿意承担，那也太没用了……,0,9,19,11-23,#情侣同居房租该不该aa制#,#情侣同居房租该不该aa制#,阅读2.3亿,讨论1.9万
33,群众热线,普通用户,#情侣同居房租该不该AA制#你认为应该AA制吗？ 群众热线的微博投票,1,0,85,11-23,#情侣同居房租该不该aa制#,#情侣同居房租该不该aa制#,阅读2.3亿,讨论1.9万
34,挖掘鸡,黄v,#情侣同居房租该不该AA制#你认为应该AA制吗？ 挖掘鸡的微博投票,0,0,25,11-23,#情侣同居房租该不该aa制#,#情侣同居房租该不该aa制#,阅读2.3亿,讨论1.9万
35,社会奇闻,普通用户,#情侣同居房租该不该AA制#你认为应该AA制吗？ 社会奇闻的微博投票,1,0,91,11-23,#情侣同居房租该不该aa制#,#情侣同居房租该不该aa制#,阅读2.3亿,讨论1.9万
36,这个要火,普通用户,#情侣同居房租该不该AA制#你认为应该AA制吗？ 这个要火的微博投票,0,1,43,11-23,#情侣同居房租该不该aa制#,#情侣同居房租该不该aa制#,阅读2.3亿,讨论1.9万
37,吴声威wsw,金v,"#情侣同居房租该不该AA制#随便翻了一下话题里的微博，其他博主说的都是个啥，忍不了。

1.很多人以为我是个法律博主，其实我还是个情感博主。

2.这事儿这么尴尬的原因是因为男方主动开口索取，让你觉得一万点暴击。

3.爱情里最好的状态是付出，也就是说“女生应该主动和男朋友提出愿意承担一半房租” ...全文",4,2,21,11-23,#情侣同居房租该不该aa制#,#情侣同居房租该不该aa制#,阅读2.3亿,讨论1.9万
38,爱豆回忆杀,金v,#情侣同居房租该不该aa制# 情侣同居租房该不该AA制？单身狗强行加入群聊……,0,0,1,11-23,#情侣同居房租该不该aa制#,#情侣同居房租该不该aa制#,阅读2.3亿,讨论1.9万
39,综艺圈,金v,#情侣同居房租该不该aa制# 房租要AA？小情侣吵翻了：原来你只是把我当室友,0,0,0,11-23,#情侣同居房租该不该aa制#,#情侣同居房租该不该aa制#,阅读2.3亿,讨论1.9万
40,之满景知,微博达人,"#情侣同居房租该不该AA制#
就图片中的男孩女孩来说，女孩子负所有生活开销就已经能抵消房租了，更何况平时还把家务给包了，男的还来问要一般的房租！！！厉害！
首先不清楚男孩是怎么想的，但是我不认可两个人的做法，谈恋爱的时候其实是两个人在斡旋，在奠定未来的相处方式，家庭地位的 ...全文",0,0,0,11-23,#情侣同居房租该不该aa制#,#情侣同居房租该不该aa制#,阅读2.3亿,讨论1.9万
41,蔡喜庆,黄v,#情侣同居房租该不该AA制#我讲下身边一男性朋友，家里不缺钱但感觉脑子缺根筋，他交往了一个女朋友，然后同居要求aa，女孩也同意了，只到有一天物业来检修电表发现业主是他男朋友名字,1,1,2,11-23,#情侣同居房租该不该aa制#,#情侣同居房租该不该aa制#,阅读2.3亿,讨论1.9万
42,SDUIVF许超医生,金v,"#情侣同居房租该不该AA制# ？

大家怎么看？",2,38,129,11-23,#情侣同居房租该不该aa制#,#情侣同居房租该不该aa制#,阅读2.3亿,讨论1.9万
43,IT大智,金v,#情侣同居房租该不该AA制# 大家觉得该不该？,2,6,5,11-23,#情侣同居房租该不该aa制#,#情侣同居房租该不该aa制#,阅读2.3亿,讨论1.9万
44,表白石家庄,黄v,#情侣同居房租该不该AA制#你觉得呢？,0,0,107,11-23,#情侣同居房租该不该aa制#,#情侣同居房租该不该aa制#,阅读2.3亿,讨论1.9万
45,表白北京,黄v,#情侣同居房租该不该AA制#说一下你的看法吧！,0,0,109,11-23,#情侣同居房租该不该aa制#,#情侣同居房租该不该aa制#,阅读2.3亿,讨论1.9万
46,表白深圳,黄v,#情侣同居房租该不该AA制#一起来说说你的看法吧！,0,1,114,11-23,#情侣同居房租该不该aa制#,#情侣同居房租该不该aa制#,阅读2.3亿,讨论1.9万
47,郑州娱乐先知道,黄v,#情侣同居房租该不该AA制#来说说你们意见吧！,0,0,106,11-23,#情侣同居房租该不该aa制#,#情侣同居房租该不该aa制#,阅读2.3亿,讨论1.9万
48,旅行沙龙,金v,#情侣同居房租该不该AA制#经济基础决定上层建筑，提出这句话的大多应为女生，作为新时代年轻人，平等自强是应该的，可以提出AA，双方协商，或者一个负责房租，一个负责生活费，这也是另一种AA。如果一毛不拔那也不算情侣了，而是床友。,0,4,2,11-23,#情侣同居房租该不该aa制#,#情侣同居房租该不该aa制#,阅读2.3亿,讨论1.9万
49,综艺八哥,金v,#情侣同居房租该不该AA制#都这么扣了，不分等着过年吗,0,0,1,11-23,#情侣同居房租该不该aa制#,#情侣同居房租该不该aa制#,阅读2.3亿,讨论1.9万
50,谈典看法,金v,"#情侣同居房租该不该AA制#

这个问题最大的障碍在于：在恋爱关系中，女方是怎么看待自己的角色和地位的。

通常情况下，恋爱中的女方会把男方买单看作天经地义，吃饭逛街看电影等等开销，男方也主动把买单当做自己的义务，至于同居租房，一般也倾向于是男方的责任。

这是人之常情，或者说是人们的一种 ...全文",3,7,22,11-23,#情侣同居房租该不该aa制#,#情侣同居房租该不该aa制#,阅读2.3亿,讨论1.9万
51,知名壁纸控,金v,#情侣同居房租该不该AA制#别人怎么对待我，这是我的因果。我怎么对待别人，这是我的修行。,12,1,22,11-23,#情侣同居房租该不该aa制#,#情侣同居房租该不该aa制#,阅读2.3亿,讨论1.9万
52,读书馆,金v,#情侣同居房租该不该AA制#这都要AA，要不要这么扣啊,0,0,1,11-23,#情侣同居房租该不该aa制#,#情侣同居房租该不该aa制#,阅读2.3亿,讨论1.9万
53,乐牙之乐,金v,"#情侣同居房租该不该AA制#这个没有什么定论，好像大部分人不支持，认为男方应该承担主要费用。

我认为在一段感情里，两个人都是认真，真心的，谁出的多一点亦或是少一点，可以根据自己的收入来决定。如果计较那么多，似乎有点伤害感情。

我有一个同事，和她男友同居，他们的处理方式就是AA。她们办了 ...全文",0,1,3,11-23,#情侣同居房租该不该aa制#,#情侣同居房租该不该aa制#,阅读2.3亿,讨论1.9万
54,看0,金v,#情侣同居房租该不该aa制# 你们觉得该不该AA？,1,1,2,11-23,#情侣同居房租该不该aa制#,#情侣同居房租该不该aa制#,阅读2.3亿,讨论1.9万
55,买家秀,金v,#情侣同居房租该不该AA制#一直都觉得AA是正常的 大家都是平等的不是吗…,0,0,1,11-23,#情侣同居房租该不该aa制#,#情侣同居房租该不该aa制#,阅读2.3亿,讨论1.9万
56,语清心A,普通用户,#情侣同居房租该不该aa制# 只有知道了对方的状况，所以才会更加体谅对方。#男友力#,1,2,7,11-23,#情侣同居房租该不该aa制#,#情侣同居房租该不该aa制#,阅读2.3亿,讨论1.9万
57,剧情八卦,黄v,#情侣同居房租该不该AA制#可以啊，不能只让男生出或者女生出,0,0,0,11-23,#情侣同居房租该不该aa制#,#情侣同居房租该不该aa制#,阅读2.3亿,讨论1.9万
58,代学能,黄v,"#情侣同居房租该不该AA制#男人命中没有财富,很难有婚姻,即使同居,也可看成娶妻的意思,所以应当主动担当；对于女生,应该有责任、自我克制与约束,这就是婚姻的本质,否则不可能去同居。对于一些女生，如果不付出，体现被出约束自己的性质。综合命理看,不是奔着结婚去者,适宜AA制,奔着婚姻去者,双方协商自 ...全文",0,0,1,11-23,#情侣同居房租该不该aa制#,#情侣同居房租该不该aa制#,阅读2.3亿,讨论1.9万
59,影视揭秘君,金v,#情侣同居房租该不该AA制#因人而异。如果两人都觉得应该男方付，那就OK,0,0,0,11-23,#情侣同居房租该不该aa制#,#情侣同居房租该不该aa制#,阅读2.3亿,讨论1.9万
60,影视图文君,金v,#情侣同居房租该不该AA制#情侣同居，最好的状态就是，男人敢于承担，女人愿意分担。,1,0,3,11-23,#情侣同居房租该不该aa制#,#情侣同居房租该不该aa制#,阅读2.3亿,讨论1.9万
61,圈外人,金v,#情侣同居房租该不该AA制#毕竟还没有结婚，不管各自的经济条件到底如何，都属于婚前财产，还是不要搅和在一起比较好??,0,0,2,11-23,#情侣同居房租该不该aa制#,#情侣同居房租该不该aa制#,阅读2.3亿,讨论1.9万
62,风云学会陈经,金v,"#情侣同居房租该不该AA制#

哈哈哈，又来“该不该”，这哪能扯得清道理，怎么扯都有道理。现在，我来扯，为什么自信的时代女性，应该出全部钱。男的无论出全部的钱，还是出部分钱，都是把女性物化，是不符合女权精神的。又没有结婚证，只要男的出钱了，都会被折算成女性的价值，陪这陪那折合多少钱。房 ...全文",21,93,295,11-23,#情侣同居房租该不该aa制#,#情侣同居房租该不该aa制#,阅读2.3亿,讨论1.9万
63,张洲,金v,#情侣同居房租该不该AA制#这事看男的提还是女的提，女的提出来，而且是硬性的，男的就应该接受。但男的不应该提，如果他连这点钱都计较，何来一生的倾腔之爱？不过女的一提，基本是不咋爱这个男生，也就是说“不想该他的欠他的，未来分手还得纠葛一阵儿财务”,6,17,41,11-23,#情侣同居房租该不该aa制#,#情侣同居房租该不该aa制#,阅读2.3亿,讨论1.9万
64,AP世界历史老师,黄v,#情侣同居房租该不该AA制#环球旅行超话#奥地利旅行# 这还用说吗？女人不带这么倒贴的。除非双方都自愿，一个愿打一个愿挨 （视频为奥地利实拍） AP世界历史老师的微博视频,0,0,0,11-23,#情侣同居房租该不该aa制#,#情侣同居房租该不该aa制#,阅读2.3亿,讨论1.9万
65,宋清辉,金v,#情侣同居房租该不该AA制#抠门儿的爷们儿,0,1,1,11-23,#情侣同居房租该不该aa制#,#情侣同居房租该不该aa制#,阅读2.3亿,讨论1.9万
66,济南热门头条,黄v,#情侣同居房租该不该AA制#俩人都认同就可以啊。无论是AA，还是一方出，这都不是问题。问题是，提前都商量好。,1,1,0,11-23,#情侣同居房租该不该aa制#,#情侣同居房租该不该aa制#,阅读2.3亿,讨论1.9万
67,走红毯,黄v,#情侣同居房租该不该AA制#该不该把，随便哈哈哈哈哈哈哈哈哈哈哈哈哈哈。,0,0,0,11-23,#情侣同居房租该不该aa制#,#情侣同居房租该不该aa制#,阅读2.3亿,讨论1.9万
68,情感女王慕北烟,黄v,"#情侣同居房租该不该AA制#同居房租AA制我觉得是挺扯的。

如果说既然要同居，那么何必要算那么清呢？

我一直认为，同居就像结婚一样，结婚了也要AA制吗？",17,33,52,11-23,#情侣同居房租该不该aa制#,#情侣同居房租该不该aa制#,阅读2.3亿,讨论1.9万
69,设计师-李功,金v,0微博,1,0,0,11-23,#情侣同居房租该不该aa制#,#情侣同居房租该不该aa制#,阅读2.3亿,讨论1.9万
70,设计师-李功,金v,"马德里┃公寓┃经典图案与当代艺术

#情侣同居房租该不该AA制##家居设计# 杭州",30,2,24,11-23,#情侣同居房租该不该aa制#,#情侣同居房租该不该aa制#,阅读2.3亿,讨论1.9万
71,悦色小辣椒,黄v,#情侣同居房租该不该AA制#不该，毕竟以后两人也是要一起生活的啊，怎么分那么细呢？,0,0,0,11-23,#情侣同居房租该不该aa制#,#情侣同居房租该不该aa制#,阅读2.3亿,讨论1.9万
72,傅蔚冈,金v,不说该不该了，大家自己说下自己的情况吧。A还是不A？#情侣同居房租该不该AA制#,6,45,78,11-23,#情侣同居房租该不该aa制#,#情侣同居房租该不该aa制#,阅读2.3亿,讨论1.9万
73,绝密档案集,金v,"来说一说#情侣同居房租该不该AA制# ？
Via：斑马信条",1,4,4,11-23,#情侣同居房租该不该aa制#,#情侣同居房租该不该aa制#,阅读2.3亿,讨论1.9万
74,老古珉,金v,#情侣同居房租该不该AA制#我现在也是单身，对这个问题有发言权。我觉得，情侣同居租房不应该搞AA制！理由如下；第一，作为男人，你要么有房，要么有钱租房，无论如何是不能要女方付钱的！第二，这种把人家睡了还要人家分担房租的男人跟渣男没多少区别，应该敬而远之。,18,7,21,11-23,#情侣同居房租该不该aa制#,#情侣同居房租该不该aa制#,阅读2.3亿,讨论1.9万
75,贵州那些事,金v,情H同居后才知道的事，单身狗竟然看完了！#情侣同居房租该不该AA制# 尬剧研究中心的微博视频,0,0,2,11-23,#情侣同居房租该不该aa制#,#情侣同居房租该不该aa制#,阅读2.3亿,讨论1.9万
76,贵族乞丐,金v,"#情侣同居房租该不该AA制# 通常，国人的习惯是，婚前财务独立，且男方在经济上照顾女方多一些。婚后大家的钱放在一起花，无论谁赚的多少不论，所有的开销来自“公共财政”。

传统观念影响，我认为同居的房租AA制不合适。刚才看到话题里有0说，应该油女方出一半，我真想回复一句，你和女朋友去酒店 ...全文",2,15,82,11-23,#情侣同居房租该不该aa制#,#情侣同居房租该不该aa制#,阅读2.3亿,讨论1.9万
77,日本昊宇,黄v,#情侣同居房租该不该AA制#看个人吧。不过未婚同居是准备结婚前的试水。也有觉得不合适分开的可能，为了清爽的分开，经济上也AA清爽些好。否则会纠缠不清，不容易分呢。如果已经决定结婚了，就要认真的谈下经济负担分配问题。,0,3,1,11-23,#情侣同居房租该不该aa制#,#情侣同居房租该不该aa制#,阅读2.3亿,讨论1.9万
78,塔罗牌占卜Annas,金v,#情侣同居房租该不该AA制#你怎么看，在爱情面前，一定要这么理性么？ 塔罗牌占卜Annas的微博投票,0,2,635,11-23,#情侣同居房租该不该aa制#,#情侣同居房租该不该aa制#,阅读2.3亿,讨论1.9万
79,稀有血型牛牛,黄v,#情侣同居房租该不该AA制#住宾馆AA估计，异曲同工。,0,2,0,11-23,#情侣同居房租该不该aa制#,#情侣同居房租该不该aa制#,阅读2.3亿,讨论1.9万
80,阚阚enjoy追剧,金v,#情侣同居房租该不该AA制# 最好别同居。这是我的真心话,0,0,0,11-23,#情侣同居房租该不该aa制#,#情侣同居房租该不该aa制#,阅读2.3亿,讨论1.9万
81,明学,黄v,"我感觉，只要两个人感情在线，这些都不算事儿。

身边也有很多朋友选择婚前同居，房租基本上都是男朋友出的。

女生嘛，就负责一些日常的开销和水电物业的费用，也是不错的模式啊，彼此也都挺满意的，为什么一定要死揪着房租不放手呢？

如果两个人对待这段感情都是认真的，并且在一起会过得越来越好， ...全文",0,0,0,11-23,#情侣同居房租该不该aa制#,#情侣同居房租该不该aa制#,阅读2.3亿,讨论1.9万
82,娱乐有点闲,金v,#情侣同居房租该不该AA制# AA制既有好处也有坏处，对于我们来说，分的那么清，要真做起来，别扭的很，也过不去。顶多就是你这次请，我下次请回。有些情侣就不太分的那么清，俩人商量着这个东西他买，另一个就是你买，或换着来买。不足的是，每买一样东西跟另外一样东西价格不同的，谁出的多，谁出的少 ...全文,0,0,1,11-23,#情侣同居房租该不该aa制#,#情侣同居房租该不该aa制#,阅读2.3亿,讨论1.9万
83,我叫零七少,黄v,"在灾难面前，人类何其渺小

#飞机排队洗热水澡##影视剪辑##情侣同居房租该不该AA制# 我叫零七少的微博视频",4,5,10,11-23,#情侣同居房租该不该aa制#,#情侣同居房租该不该aa制#,阅读2.3亿,讨论1.9万
84,搞哭了,金v,#情侣同居房租该不该AA制#你要是个男人就别说话！,1,1,1,11-23,#情侣同居房租该不该aa制#,#情侣同居房租该不该aa制#,阅读2.3亿,讨论1.9万
85,易学伏明奇,黄v,0微博,0,3,2,11-23,#情侣同居房租该不该aa制#,#情侣同居房租该不该aa制#,阅读2.3亿,讨论1.9万
86,最搞冷笑话,金v,七年之痒，十年之守，你们第几年了？ #最搞冷笑话##情侣同居房租该不该aa制# 最搞冷笑话的微博视频,3,2,2,11-23,#情侣同居房租该不该aa制#,#情侣同居房租该不该aa制#,阅读2.3亿,讨论1.9万
87,鹿小姐的生活笔记,黄v,"#情侣同居房租该不该AA制#且不管这里的AA是对是错。

讲一个故事，我身边的一的对情侣，相识然后恋爱同居也很顺理成章。

那个女孩子告诉我，每月的房租她从来都没有操心过，这几年她也不知道房东是谁，男朋友在每个月细心的安排好了。

毕竟大城市的房租也不便宜，一般是押一付三，房租也是1500到300 ...全文",0,0,0,11-23,#情侣同居房租该不该aa制#,#情侣同居房租该不该aa制#,阅读2.3亿,讨论1.9万
88,觅剧,黄v,#情侣同居房租该不该AA制#不该同居。,0,0,0,11-23,#情侣同居房租该不该aa制#,#情侣同居房租该不该aa制#,阅读2.3亿,讨论1.9万
89,律师孙晓敏,黄v,"#情侣同居房租该不该AA制#

这个说法倒是为将来闹掰分割财产打下了良好的基础。",0,1,2,11-23,#情侣同居房租该不该aa制#,#情侣同居房租该不该aa制#,阅读2.3亿,讨论1.9万
90,头像无水印,黄v,#情侣同居房租该不该AA制#这个要另说吧，如果房租AA了，那日常开销也要AA，家务活就也要AA；如果房租一方出了，那日常的家务和开销，另一方就会多付出一些。而现实是生活中往往后者居多吧,0,1,4,11-23,#情侣同居房租该不该aa制#,#情侣同居房租该不该aa制#,阅读2.3亿,讨论1.9万
91,申海之168,普通用户,#情侣同居房租该不该AA制#同居时，主要消费玩AA制，应该说可行。重点一方承担，负担可能就重了。@黄毛秋莎,10,4,9,11-23,#情侣同居房租该不该aa制#,#情侣同居房租该不该aa制#,阅读2.3亿,讨论1.9万
92,韩东言,金v,"#情侣同居房租该不该AA制#我认为一个男人，还是要多点责任和担当的，像房费，水电费还是主动，多担待为好，女方可以买菜，日用品多付出点比较好。
因为双方身份是情侣而不是合租室友，如果连租房钱都要女生拿，那么女生是否讨要每次同居的钱呢？那么两个人的关系，还是情侣吗？岂不是生意伙伴了？
其实 ...全文",12,30,86,11-23,#情侣同居房租该不该aa制#,#情侣同居房租该不该aa制#,阅读2.3亿,讨论1.9万
93,浪中淘金线里乾坤,黄v,"#情侣同居房租该不该AA制#
情侣之间租房个人不提倡AA制，但彼此之间可以分担，这样在感情上来说更容易接受，实行AA这样会有伤感情，毕竟情侣间是感情至上",1,6,4,11-23,#情侣同居房租该不该aa制#,#情侣同居房租该不该aa制#,阅读2.3亿,讨论1.9万
94,倾心话,金v,"异地恋，耐不住男朋友央求和备胎威胁（不是我养备胎），辞了南方的正经工作来北京打杂找他。在海淀租了一个卧室，一个月三千。大半年都是我一个人负担房租，他给我400补贴，我加班多，平时各吃各的，周末他请我吃饭。

这样待了半年吧，我单位的房补没了，我感觉负担不起了，想要找女生合租，他不同意 ...全文",7,1,246,11-23,#情侣同居房租该不该aa制#,#情侣同居房租该不该aa制#,阅读2.3亿,讨论1.9万
95,超级国防菌,黄v,#情侣同居房租该不该AA制#结婚后还需要Aa制吗,0,0,0,11-23,#情侣同居房租该不该aa制#,#情侣同居房租该不该aa制#,阅读2.3亿,讨论1.9万
96,荣戈博报,金v,【或说】问：#情侣同居房租该不该AA制#？答：该，亲兄弟还明算账呢，何况并无血缘关系！（荣戈博报）,0,6,0,11-23,#情侣同居房租该不该aa制#,#情侣同居房租该不该aa制#,阅读2.3亿,讨论1.9万
97,帮您找,黄v,"#情侣同居房租该不该AA制#
身体都在一起了，钱包还分那么清楚干嘛
但现实是谁主动谁卑微！讨论再多也没用",0,0,1,11-23,#情侣同居房租该不该aa制#,#情侣同居房租该不该aa制#,阅读2.3亿,讨论1.9万
98,文史知识园地,金v,#情侣同居房租该不该AA制# ？ 这个怎么说呢，从情感上来说情侣同居目的就是为了门人结婚找感觉，从传统上来说应该男的出。但从现代观念来说AA制也不错，现在结婚不还有一个婚前财产公正吗？ 怀化,0,4,1,11-23,#情侣同居房租该不该aa制#,#情侣同居房租该不该aa制#,阅读2.3亿,讨论1.9万
99,Dr_任,金v,#情侣同居房租该不该AA制#同居前说明白了，不能什么都是想当然，女的觉得是试婚，这男的当找个保姆，还免费陪吃陪睡收拾家务的,0,4,3,11-23,#情侣同居房租该不该aa制#,#情侣同居房租该不该aa制#,阅读2.3亿,讨论1.9万
100,张二凡的日常灾难,黄v,"#情侣同居房租该不该AA制#不合适的早点分了好，这种话题应该是xxx和xxx要房租合不合适，和情侣这个大群体无关。
有感情、合适的情侣，他们自然会找到自己的日常相处模式和应对账务处理时，能够丝毫不影响感情的解决，有的时候还能通过日常和突发事件增进感情，只有不合适的那种在一起唧唧歪歪，天天想 ...全文",0,0,0,11-23,#情侣同居房租该不该aa制#,#情侣同居房租该不该aa制#,阅读2.3亿,讨论1.9万
101,宣萱pasta,金v,"#情侣同居房租该不该AA制#
不该，，，男生女生在一起，总是女生吃亏一点，，男生多付点房租有什么不对的，不要讨论什么男女平等了，就凭婚前同居之后，女生有可能会被批评不检点，男生就不会，就这一点来看就不可能男女平等，，
当今社会对女性的忠贞要求的更苛刻，那男生多付一点房租又有什么不该得呢 ...全文",0,0,2,11-23,#情侣同居房租该不该aa制#,#情侣同居房租该不该aa制#,阅读2.3亿,讨论1.9万
102,我就是那只大灰郎,黄v,#情侣同居房租该不该AA制#AA制那还能叫情侣同居吗？那不就是彼此找了个异性室友+炮友吗？也许会有人说我是直男，大男子主义，但我任然坚持认为，在一个小家庭里，不管是老公还是男朋友，应该承担起主要的经济来源且不接受反驳 北京・来广营艺术园,20,39,38,11-23,#情侣同居房租该不该aa制#,#情侣同居房租该不该aa制#,阅读2.3亿,讨论1.9万
103,喝红酒,黄v,#情侣同居房租该不该AA制#这个问题有点复杂，分为理论和情感两方面。【理论】AA制是没有毛病的，因为并不是所有的东西都必须要男方去买账，而女方就要一味的去享受着男方带给她的便利，爱情是相互的，女方在享受着男方给自己带来的便利的时候，也应该给对方带来一定的付出回应，大家都是普通人，收入暂 ...全文,1,4,5,11-22,#情侣同居房租该不该aa制#,#情侣同居房租该不该aa制#,阅读2.3亿,讨论1.9万
104,华华86,金v,"#情侣同居房租该不该AA制#情侣之间的事其实属于家务事，也是俩人之间的隐私，但恋爱的原则是男人大度，女人体贴，凡事都有绝对，但事件中男人事后给女孩要一半房租的行为确实不妥，换句话讲就是没担当！

有不少家庭都是男人主外，女人主内，甚至女方不工作，直接带孩子，如果老公突然给毫无经济收入的 ...全文",0,2,2,11-22,#情侣同居房租该不该aa制#,#情侣同居房租该不该aa制#,阅读2.3亿,讨论1.9万
105,猫猫说情感,黄v,#情侣同居房租该不该AA制#不该，你爱他就好好对他……没能力不要同居，贫穷夫妻百日哀,1,0,0,11-22,#情侣同居房租该不该aa制#,#情侣同居房租该不该aa制#,阅读2.3亿,讨论1.9万
106,话说三秦,金v,#情侣同居房租该不该AA制#我去 天理难容啊！同居了陪你天天吃住在一起，过一段时间你又要房租！这男的有病吧！,0,2,1,11-22,#情侣同居房租该不该aa制#,#情侣同居房租该不该aa制#,阅读2.3亿,讨论1.9万
107,新蜜蜂alex182,金v,"#情侣同居房租该不该AA制#年轻时候也租过房子，有挺长一段时间，老婆的收入比我高，一直是她在负担房租，大约一年左右。后来，收入上来了，我才开始负担房租，再后来我们结了婚，同年我买了房子，婚后老婆就是全职太太了。。期间谁出钱几乎没有商量过。
想说的是，这点事都商量不好，还是不要想着谈婚 ...全文",0,1,8,11-22,#情侣同居房租该不该aa制#,#情侣同居房租该不该aa制#,阅读2.3亿,讨论1.9万
108,川北小哥,金v,#情侣同居房租该不该AA制#情侣同居名义上找在一起生活的感觉，实际上是两个人未来婚姻生活的预演。现实中多数男人承担大头，比如房租水电物管费等，但也不乏铁公鸡型的男人。女人更多是一日三餐、生活用品之类的，若有出房租的，都是姐不差钱之类的。两个人在一起，不完全仅仅是生理上的需要，更多的是 ...全文,0,2,3,11-22,#情侣同居房租该不该aa制#,#情侣同居房租该不该aa制#,阅读2.3亿,讨论1.9万
109,一起电影吧,黄v,"#情侣同居房租该不该AA制#根据年轻人的收入和两者的金钱观有关，我认为双方都能接受的情况下可以AA, 毕竟大家都没结婚，收入有限，各自分担一些也很好。",0,0,1,11-22,#情侣同居房租该不该aa制#,#情侣同居房租该不该aa制#,阅读2.3亿,讨论1.9万
110,一句金典语录,金v,#情侣同居房租该不该AA制#开房钱是男的出还是女的出？这问题答案就出来了！,0,0,1,11-22,#情侣同居房租该不该aa制#,#情侣同居房租该不该aa制#,阅读2.3亿,讨论1.9万
111,法务老司机,黄v,"#情侣同居房租该不该AA制#情侣租房AA制，这还是情侣吗？！当然，情侣就是想玩玩，相互炮友，玩腻了就分开，不在此列！

在老司机看来，情侣租房，男人应该勇敢的站出来，承担起房租。否则，这样的男人就在其说出AA制的时候，女方第一时间踹他一脚，直接再见！",0,1,0,11-22,#情侣同居房租该不该aa制#,#情侣同居房租该不该aa制#,阅读2.3亿,讨论1.9万
112,环境骑士,金v,#情侣同居房租该不该aa制# 问题避重就轻；同居的情感、安全系列问题远比房租是否分摊要重要的多，要敏感的多；可以体现平等的的地方多了去了，为什么对此却煞有介事#社会科学##兴趣话题词##小三劝退师的日常# 昆明,0,14,19,11-22,#情侣同居房租该不该aa制#,#情侣同居房租该不该aa制#,阅读2.3亿,讨论1.9万
113,植物人史军,金v,"#情侣同居房租该不该AA制#
俩人都认同就可以啊。
无论是AA，还是一方出，这都不是问题。
问题是，提前都商量好。
不要默认对方知道你的想法。",4,20,122,11-22,#情侣同居房租该不该aa制#,#情侣同居房租该不该aa制#,阅读2.3亿,讨论1.9万
114,龙头妖谷,黄v,#情侣同居房租该不该AA制#这事也值得讨论？太没劲了,0,0,0,11-22,#情侣同居房租该不该aa制#,#情侣同居房租该不该aa制#,阅读2.3亿,讨论1.9万
115,军事a马妍,黄v,"#情侣同居房租该不该AA制#中国的传统两个人过日子就是要共同承担一些义务和责任！在复杂的生活中不是什么东西都可以分的很清的！AA制不过是个“舶来品”，有的人利用的好了，相对和谐。有的人用的不好反而两个人分心，适得其反！
情侣同居本来和婚姻生活性质差不多，至于是否AA制都不应该是两个人好好 ...全文",0,1,3,11-22,#情侣同居房租该不该aa制#,#情侣同居房租该不该aa制#,阅读2.3亿,讨论1.9万
116,搞笑童姥,金v,"#情侣同居房租该不该AA制#
我朋友爸妈就是AA的呀，二十多年了。当然不是特别死板的AA，基本上是开一个账户，每年年底双方各拿出一笔钱，存在里面，用作来年孩子的开支，或是用来买大件，旅游之类的。其余的就是自己花自己的。他爸妈感情也挺好，。平日里谁也不过问谁买了什么。他爸喜欢炒股，他妈平 ...全文",1,14,26,11-22,#情侣同居房租该不该aa制#,#情侣同居房租该不该aa制#,阅读2.3亿,讨论1.9万
117,贵州头条排行榜,金v,#情侣同居房租该不该AA制#，你怎么选？ 贵州头条排行榜的微博投票,0,8,523,11-22,#情侣同居房租该不该aa制#,#情侣同居房租该不该aa制#,阅读2.3亿,讨论1.9万
118,裤衩都特么笑掉了,金v,"#情侣同居房租该不该AA制#
男方一般不会让女方出的，但是我还是觉得女方可以出，我们是谈恋爱不是为了找个省房租的男人对吧。
结婚后怎么都行，婚前还是AA好一点，这样可以避免以后出现很多和钱有关的争吵。
大家钱都不是大风刮来的。",0,0,0,11-22,#情侣同居房租该不该aa制#,#情侣同居房租该不该aa制#,阅读2.3亿,讨论1.9万
119,橙熟的逗比炮,普通用户,#情侣同居房租该不该AA制#我个人非常讨厌AA制，虽说男女平等，但分工不同。作为男人就该给你的女人花钱，这是最基本的责任。什么都要AA制，生孩子的痛苦你能AA吗？当然如果婚后工资上交，那就是另外一回事了。在花钱的问题上，男人跟自己的女人计较，那还找对象结婚干啥，跟做生意一样精打细算，不如花 ...全文,2,11,11,11-22,#情侣同居房租该不该aa制#,#情侣同居房租该不该aa制#,阅读2.3亿,讨论1.9万
120,尹克伦64,金v,"#情侣同居房租该不该AA制# 说白了，AA制确实没有家的味道，两个人同居的目的，不就是要找到一种家的感觉吗！
如果双方都没有信任感，这种家的感觉也就不存在了！
我认为这种事儿听别人的没用，还是双方敞开心扉，去设计两个人美好的未来吧！",0,1,0,11-22,#情侣同居房租该不该aa制#,#情侣同居房租该不该aa制#,阅读2.3亿,讨论1.9万
121,粤港澳-大湾区,普通用户,#情侣同居房租该不该AA制# 这样的男人，立马踹了！,1,1,0,11-22,#情侣同居房租该不该aa制#,#情侣同居房租该不该aa制#,阅读2.3亿,讨论1.9万
122,沈宇松,金v,#情侣同居房租该不该AA制# 谁无聊想出这种话题？二个人在一起过日子房租还有AA制的吗？那这种就不是情侣了，是合租户。房租应该男方付，如果连房租都要女方一起付还有什么资格配找对象？,5,10,29,11-22,#情侣同居房租该不该aa制#,#情侣同居房租该不该aa制#,阅读2.3亿,讨论1.9万
123,搞笑猎奇菌,金v,#情侣同居房租该不该AA制# 你们觉得呢？ 搞笑猎奇菌的微博投票,0,0,29,11-22,#情侣同居房租该不该aa制#,#情侣同居房租该不该aa制#,阅读2.3亿,讨论1.9万
124,钱笑,黄v,"#情侣同居房租该不该AA制#
如果是女方提出 AA那就没什么问题
但是如果男方提出AA，估计就有大问题了 钱笑的微博投票",0,6,99,11-22,#情侣同居房租该不该aa制#,#情侣同居房租该不该aa制#,阅读2.3亿,讨论1.9万
125,古德纳,黄v,#情侣同居房租该不该AA制#看情况吧，个人能力不一样,0,2,1,11-22,#情侣同居房租该不该aa制#,#情侣同居房租该不该aa制#,阅读2.3亿,讨论1.9万
126,嘟宝听你说,金v,#情侣同居房租该不该AA制#感觉这个男生有点过分了，要A就全A。要么就别A。,0,3,1,11-22,#情侣同居房租该不该aa制#,#情侣同居房租该不该aa制#,阅读2.3亿,讨论1.9万
127,大仔哥,金v,#情侣同居房租该不该AA制#既然选择同居了，一般来说都是决定一起过日子了，如果没有决定一起过日子，最好别同居。如果同居了，最好AA制，但是没必要算的太清楚。,1,11,121,11-22,#情侣同居房租该不该aa制#,#情侣同居房租该不该aa制#,阅读2.3亿,讨论1.9万
128,禅韵书画,黄v,"#情侣同居房租该不该AA制#

不0同！不支持！
如果一定要分你我，就别同居，直接分手吧",0,0,3,11-22,#情侣同居房租该不该aa制#,#情侣同居房租该不该aa制#,阅读2.3亿,讨论1.9万
129,七通乱码,黄v,"#情侣同居房租该不该AA制#这事儿没有对错，也没有标准答案。但我支持男方应该承担房租，从当前社会的结构来看。
生活不可能分的一清二楚，倘若情侣之间也这样，就显得生分，何况女方也付出了很多，男方这得有多厚的脸皮才能开这个口要房租？",0,0,0,11-22,#情侣同居房租该不该aa制#,#情侣同居房租该不该aa制#,阅读2.3亿,讨论1.9万
130,闲情偶记,金v,#每日金句# 爱默生：生活的乐趣取决于生活本身，而不是取决于工作或地点。 #情侣同居房租该不该AA制#,0,1,9,11-22,#情侣同居房租该不该aa制#,#情侣同居房租该不该aa制#,阅读2.3亿,讨论1.9万
131,晓平文俨,黄v,#情侣同居房租该不该AA制#只要没有讨论到结婚，没有登记，房租就应该AA制。现在经常出现一些极端事件，常常因为女孩子花了男孩子的钱，又不肯结婚，男孩子在人财两空的情况下顿起杀机。女孩子若不想和男孩子结婚，最好在经济上各自独立。,0,11,7,11-22,#情侣同居房租该不该aa制#,#情侣同居房租该不该aa制#,阅读2.3亿,讨论1.9万
132,小利说事,金v,#情侣同居房租该不该AA制#我建议AA制吧！我有个朋友和他女朋友在一起六年，年底结婚，他们房租一直都是AA制，平时日常开销他们双方也差不多，他的钱是他的，她的钱是她的，他们纯谈感情，没有因为经济原因吵架，两人互不相欠。对于AA制，建议男人要稍微大度一些，尽量不要跟女人提这个，而女人最好主动 ...全文,1,2,3,11-22,#情侣同居房租该不该aa制#,#情侣同居房租该不该aa制#,阅读2.3亿,讨论1.9万
133,洋葱军事新闻,金v,#情侣同居房租该不该AA制#当然要AA啊，不然难道要让女生独自付房租嘛？那样女生压力很大的，而且一点也不平权,5,10,37,11-22,#情侣同居房租该不该aa制#,#情侣同居房租该不该aa制#,阅读2.3亿,讨论1.9万
134,Hello读城,金v,"#情侣同居房租该不该AA制#关于这个问题，每个人都有自己不同的立场，没有绝对的评判标准。觉得根本还是遵从自己的内心吧，这是双方价值观的问题，实际情况还是得双方沟通去解决。

切记，爱既不能成为金钱的附属，金钱也不能用来绑架爱情，如果认定了ta要一辈子走下去，不妨跟随自己的真心来，多些理解 ...全文",0,0,0,11-22,#情侣同居房租该不该aa制#,#情侣同居房租该不该aa制#,阅读2.3亿,讨论1.9万
135,沈阳老寡头,黄v,#情侣同居房租该不该AA制#不是抱一抱，亲一亲，改个情侣网名，换个情侣头像，就是情侣了。 真正的情侣是一同经历好多坎坷，还依旧说爱你的人。(*￣m￣)所以说，单身有单身的骄傲，情侣有情侣的炫耀。#沈阳身边事#利哥超话 沈阳老寡头的微博视频,0,0,3,11-22,#情侣同居房租该不该aa制#,#情侣同居房租该不该aa制#,阅读2.3亿,讨论1.9万
136,植物信仰,黄v,#情侣同居房租该不该AA制#这是赤裸裸地破坏情侣感情啊！房租该不该AA？吃饭该不该AA？厕纸该不该AA？@杜蕾斯官方微博 该不该AA？,0,0,0,11-22,#情侣同居房租该不该aa制#,#情侣同居房租该不该aa制#,阅读2.3亿,讨论1.9万
137,巍岳钦禹,金v,#情侣同居房租该不该AA制#我个人非常讨厌AA制，虽说男女平等，但分工不同。作为男人就该给你的女人花钱，这是最基本的责任。什么都要AA制，生孩子的痛苦你能AA吗？当然如果婚后工资上交，那就是另外一回事了。在花钱的问题上，男人跟自己的女人计较，那还找对象结婚干啥，跟做生意一样精打细算，不如花 ...全文,20,32,121,11-22,#情侣同居房租该不该aa制#,#情侣同居房租该不该aa制#,阅读2.3亿,讨论1.9万
138,happy热哥,金v,#情侣同居房租该不该AA制#很智障的问题，虽说男女平等，但终究还是女生吃亏的多，比如xx不小心怀孕，责任算谁？很多男人拍拍屁股走人，太多类似发生，女生就不能自爱一点？八字没一撇就同居，能不能走到最后先不说，找一个连房租都不愿付的男人，你图个啥？还AA付房租→_→。看到这话题真是笑掉大牙， ...全文,1,1,200,11-22,#情侣同居房租该不该aa制#,#情侣同居房租该不该aa制#,阅读2.3亿,讨论1.9万
139,易会林,黄v,#一定要去大城市打拼吗#年轻时到大城市去打拼，老了到小城市生活。#随手拍##情侣同居房租该不该AA制##心灵鸡汤##生活百科# 乌鲁木齐・格林威治城,0,0,0,11-22,#情侣同居房租该不该aa制#,#情侣同居房租该不该aa制#,阅读2.3亿,讨论1.9万
140,智泉古道,黄v,"#情侣同居房租该不该AA制#
杨丽萍为了舞蹈复出了很多，更是将指甲留到了五厘米左右，杨丽萍的舞蹈精髓所在，一部分就在指甲上。但是久而久之，杨丽萍在生活还是出现了许多不适的地方
因此基本可以说是“生活不能自理”，为此她身边还有一位照顾她衣食住行的男助理，很多事情都是借助他的手来完成的，据 ...全文",0,6,19,11-22,#情侣同居房租该不该aa制#,#情侣同居房租该不该aa制#,阅读2.3亿,讨论1.9万
141,笑话吗,金v,#情侣同居房租该不该AA制#我觉得不应该AA，都到了同居的份上了，干嘛还要这么在意呢？情侣之间是分不清那么多的，只要大家都有默契一点，如果这个月房租他付了，你可以在日常生活多为他分担一点。同居就是为了以后过的更顺利一点，如果一开始就牵扯的那么清，那么婚后的生活也许就“财务独立”了。相爱 ...全文,1,1,3,11-22,#情侣同居房租该不该aa制#,#情侣同居房租该不该aa制#,阅读2.3亿,讨论1.9万
142,上党落子,金v,#情侣同居房租该不该AA制#国人老是觉得AA制特见外不贴心，朋友之间吃个饭都很少AA制，更何况是同居在一起的情侣呢？换个角度，如果设立一个公共账户，同居情侣各拿一定钱存进来，用公共账户去支付生活费用和房租，这样女方就不会觉得很伤心，其实这和AA制有啥区别呢？ 太原・富力城,0,0,1,11-22,#情侣同居房租该不该aa制#,#情侣同居房租该不该aa制#,阅读2.3亿,讨论1.9万
143,科技小Q,黄v,#情侣同居房租该不该AA制#一句话：有钱了啥都不需要AA，没钱了AA、AAA、AAAA都会有！,1,10,12,11-22,#情侣同居房租该不该aa制#,#情侣同居房租该不该aa制#,阅读2.3亿,讨论1.9万
144,公务员考试答疑君,金v,你r干啥呢？//@牧心1023:我跟男朋友一起，住他已经买好装修的房子，水电煤气全部是他，家里的各类用品（洗衣液，沐浴露，洗发水，纸巾等等之类的）全部是他，白天上班，早中饭自己解决，晚餐出去吃大部分时候是他买单，偶尔在家里做，也是他买菜多，他做的多。如果是他做饭，他就说不想洗碗，放着吧先,0,2,2,11-22,#情侣同居房租该不该aa制#,#情侣同居房租该不该aa制#,阅读2.3亿,讨论1.9万
145,土味大总管,金v,长公子邀请你一起吃饭，有鸡腿的那种噢#帅哥##情侣同居房租该不该AA制# 时尚天使大总管的微博视频,0,17,52,11-22,#情侣同居房租该不该aa制#,#情侣同居房租该不该aa制#,阅读2.3亿,讨论1.9万
146,诉述,金v,"#情侣同居房租该不该AA制#
我认为一定要AA，但是应该在同居之前就说清楚。房租，水电，伙食费全都理清楚。真的很奇怪，现在很多女生一边说着男女平等，一边又总是认为男生就应该多付出。大概问题中的男生错的地方是在于没有在一开始说清楚房租AA的问题吧。但也许他忽然提出这样的要求是因为他的钱负担 ...全文",0,0,4,11-22,#情侣同居房租该不该aa制#,#情侣同居房租该不该aa制#,阅读2.3亿,讨论1.9万
147,朱文V评,黄v,#情侣同居房租该不该AA制#两个年轻人在一起同居，必然感情会很好，否则也不会一块生活，至于房租是否AA制，要看两人的经济状况，多一些少一些也没有关系！也许在国外AA制比较普通，然而国内还不被大多数接受！,0,1,2,11-22,#情侣同居房租该不该aa制#,#情侣同居房租该不该aa制#,阅读2.3亿,讨论1.9万
148,记者杜利勇,金v,#情侣同居房租该不该AA制#现在婚前同居的情侣特别的多，不过有些刚进入社会的情侣，可能两人条件都不是很好，这时候同居的话房租要怎么算呢？下面来给大家分析下吧。这不是该不该的问题，而是相处方式的问题！情侣在一起生活，很多事情是没有办法去平衡的，房租、水电等明眼可见的东西，你说A可以，但 ...全文,1,1,2,11-22,#情侣同居房租该不该aa制#,#情侣同居房租该不该aa制#,阅读2.3亿,讨论1.9万
149,长春生活情报,金v,#情侣同居房租该不该AA制#爱情本来美好的。个人意见不应该分那么清楚。但是情侣也自觉自爱。需要付出的不管是什么。就不能想着回报。希望天下有情人终成眷属（视频来源于网络侵删） 群雄杀神的微博视频,0,0,0,11-22,#情侣同居房租该不该aa制#,#情侣同居房租该不该aa制#,阅读2.3亿,讨论1.9万
150,运城身边事,黄v,#情侣同居房租该不该AA制#情侣同居租房，房租该怎么付？ 运城身边事的微博投票,0,3,128,11-22,#情侣同居房租该不该aa制#,#情侣同居房租该不该aa制#,阅读2.3亿,讨论1.9万
151,早睡早起机sql,金v,#情侣同居房租该不该AA制#情侣钱好像放一起管的，谁有就花谁的，要旗鼓相当，etm的一个失业一个累死累活干,0,0,2,11-22,#情侣同居房租该不该aa制#,#情侣同居房租该不该aa制#,阅读2.3亿,讨论1.9万
152,暴走趣闻,金v,#情侣同居房租该不该AA制# 暴走趣闻的微博投票,0,0,99,11-22,#情侣同居房租该不该aa制#,#情侣同居房租该不该aa制#,阅读2.3亿,讨论1.9万
153,枉洋捕捞,黄v,#情侣同居房租该不该AA制#如果房租AA了，那水电气费要不要AA？一日三餐要不要AA？套儿钱要不要AA？,0,2,1,11-22,#情侣同居房租该不该aa制#,#情侣同居房租该不该aa制#,阅读2.3亿,讨论1.9万
154,空谷幽兰smx,黄v,#情侣同居房租该不该AA制#不好说,0,3,2,11-22,#情侣同居房租该不该aa制#,#情侣同居房租该不该aa制#,阅读2.3亿,讨论1.9万
155,特别帅的安德鲁,金v,"#情侣同居房租该不该AA制#
俩人商量呗 别觉得自己“特别付出”就行
要一个人愿意就满足TA 别事后反悔就行
这事儿讨论起来 不还是后来后悔了向找补一下...
俩人能商量好就行了 哪有该不该 广州・官洲",0,5,13,11-22,#情侣同居房租该不该aa制#,#情侣同居房租该不该aa制#,阅读2.3亿,讨论1.9万
156,艺珏美学高清无水印,黄v,"所以你要对象干嘛？用来分摊房租？用来解决日常生理需要？算这么清楚，那之后生孩子男方是不是该给女方代孕费？和孩子在女方肚子里住了近10个月，是不是该给孩子缴房租？

#情侣同居房租该不该AA制#",0,0,3,11-22,#情侣同居房租该不该aa制#,#情侣同居房租该不该aa制#,阅读2.3亿,讨论1.9万
157,漠宏庵,金v,#情侣同居房租该不该AA制#两个人到一起还只是情侣，就租房同居，过起了夫妻般的生活，一切都感到惬意，让人生充满了眷恋。图的什么呢？还不是为了男欢女爱，但是租房还有必要AA制吗？这岂不是让准夫妻生活大煞风景。本身租房住就是犯大忌，如果AA制仅仅是为了恋爱的味道，而不是情深意长，那还是别租房 ...全文,1,18,5,11-22,#情侣同居房租该不该aa制#,#情侣同居房租该不该aa制#,阅读2.3亿,讨论1.9万
158,公务员考试答疑君,金v,"#情侣同居房租该不该AA制#
我觉得不应该AA制，
男方应该付所有房租。
我觉得这样才合理，
但也没有什么依据。
你觉得呢？",2,22,43,11-22,#情侣同居房租该不该aa制#,#情侣同居房租该不该aa制#,阅读2.3亿,讨论1.9万
159,苏渝,金v,#情侣同居房租该不该AA制#如果男方提出房租要AA制，那就：1，向他索要同居费（总不能白睡吧）。2，不要同居了，并立马分手。同这样小气的男人结婚，今后迟早要离婚。女人千万不要同小气的男人交往，今后会吃很多亏的。,0,2,5,11-22,#情侣同居房租该不该aa制#,#情侣同居房租该不该aa制#,阅读2.3亿,讨论1.9万
160,朱笑三,金v,"#情侣同居房租该不该AA制#
我朋友爸妈就是AA的呀，二十多年了。当然不是特别死板的AA，基本上是开一个账户，每年年底双方各拿出一笔钱，存在里面，用作来年孩子的开支，或是用来买大件，旅游之类的。其余的就是自己花自己的。他爸妈感情也挺好，。平日里谁也不过问谁买了什么。他爸喜欢炒股，他妈平 ...全文",58,65,1217,11-22,#情侣同居房租该不该aa制#,#情侣同居房租该不该aa制#,阅读2.3亿,讨论1.9万
161,金华身边事,金v,前段时间，女子吐糟男朋友要她出房租，我把他当成男朋友，他却当我是室友，你觉得#情侣同居房租该不该AA制#？ 义乌市 金华身边事的微博投票,0,7,195,11-22,#情侣同居房租该不该aa制#,#情侣同居房租该不该aa制#,阅读2.3亿,讨论1.9万
162,长春这噶儿,金v,"#情侣同居房租该不该AA制#

既然同居了，奔着结婚去的，就让他上交工资卡。情侣同居，房租钱AA制的作为有点让女生不能接受。最好的状态是男人要勇于承担，而女人愿意分担。既然是同居优先过起“小夫妻”的生活，那势必要面对生活的一地鸡毛。#刘阳#",7,14,160,11-22,#情侣同居房租该不该aa制#,#情侣同居房租该不该aa制#,阅读2.3亿,讨论1.9万
163,笑话集锦,黄v,"#情侣同居房租该不该AA制#
我把你当伴侣，你却把我当室友？",0,1,1,11-22,#情侣同居房租该不该aa制#,#情侣同居房租该不该aa制#,阅读2.3亿,讨论1.9万
164,军情解析,黄v,"#情侣同居房租该不该AA制#
当然不应该AA啊，俺们?? 都是一起管的",2,0,0,11-22,#情侣同居房租该不该aa制#,#情侣同居房租该不该aa制#,阅读2.3亿,讨论1.9万
165,尹克伦64,金v,"#情侣同居房租该不该AA制#我认为，双方感情如果是真的，是经得起考验的！这都不是个事儿！
但如果大家只是以玩为目的，算清楚点好，免得以后麻烦！",0,0,0,11-22,#情侣同居房租该不该aa制#,#情侣同居房租该不该aa制#,阅读2.3亿,讨论1.9万
166,习惯没有你的今天,金v,"#情侣同居房租该不该AA制#是为什么让你觉得的同居就可以让他一个人承担呢？作为一个女孩子，同居的话最起码也要自己先去提aa房租吧。别的不说，只是同居也没必要什么都让男生承担呀。更何况感情基础并不牢靠你还指望他心甘情愿出房租？

而且不为别的，出房租也是让你自己有尊严，毕竟你出房租你有底气 ...全文",0,0,0,11-22,#情侣同居房租该不该aa制#,#情侣同居房租该不该aa制#,阅读2.3亿,讨论1.9万
167,闲情偶记,金v,#一书一浪漫# 南北驱驰报主情，江花边草笑平生。一年三百六十日，都是横戈马上行。#情侣同居房租该不该AA制#,0,1,1,11-22,#情侣同居房租该不该aa制#,#情侣同居房租该不该aa制#,阅读2.3亿,讨论1.9万
168,习惯没有你的今天,金v,#情侣同居房租该不该AA制#我认为一定要AA，但是应该在同居之前就说清楚。房租，水电，伙食费全都理清楚。真的很奇怪，现在很多女生一边说着男女平等，一边又总是认为男生就应该多付出。大概问题中的男生错的地方是在于没有在一开始说清楚房租AA的问题吧。但也许他忽然提出这样的要求是因为他的钱负担不 ...全文,0,0,0,11-22,#情侣同居房租该不该aa制#,#情侣同居房租该不该aa制#,阅读2.3亿,讨论1.9万
169,银河一号靓仔陶,普通用户,来说一说#情侣同居房租该不该AA制# ？,0,0,0,11-22,#情侣同居房租该不该aa制#,#情侣同居房租该不该aa制#,阅读2.3亿,讨论1.9万
170,Liiiiiiirene,普通用户,来说一说#情侣同居房租该不该AA制# ？,0,0,0,11-22,#情侣同居房租该不该aa制#,#情侣同居房租该不该aa制#,阅读2.3亿,讨论1.9万
171,辣客创意餐厅,蓝v,来说一说#情侣同居房租该不该AA制# ？,0,0,0,11-22,#情侣同居房租该不该aa制#,#情侣同居房租该不该aa制#,阅读2.3亿,讨论1.9万
172,超奶的QAQ,普通用户,来说一说#情侣同居房租该不该AA制# ？,0,0,0,11-22,#情侣同居房租该不该aa制#,#情侣同居房租该不该aa制#,阅读2.3亿,讨论1.9万
173,傲娇阿鹿_,普通用户,来说一说#情侣同居房租该不该AA制# ？,0,0,0,11-22,#情侣同居房租该不该aa制#,#情侣同居房租该不该aa制#,阅读2.3亿,讨论1.9万
174,令人心动的猪蹄子,普通用户,来说一说#情侣同居房租该不该AA制# ？,0,0,0,11-22,#情侣同居房租该不该aa制#,#情侣同居房租该不该aa制#,阅读2.3亿,讨论1.9万
175,Leo0__Xue,微博达人,来说一说#情侣同居房租该不该AA制# ？,0,0,0,11-22,#情侣同居房租该不该aa制#,#情侣同居房租该不该aa制#,阅读2.3亿,讨论1.9万
176,沙雕路人桃酱i,普通用户,来说一说#情侣同居房租该不该AA制# ？,0,0,0,11-22,#情侣同居房租该不该aa制#,#情侣同居房租该不该aa制#,阅读2.3亿,讨论1.9万
177,可爱桃quq,普通用户,来说一说#情侣同居房租该不该AA制# ？,0,0,0,11-22,#情侣同居房租该不该aa制#,#情侣同居房租该不该aa制#,阅读2.3亿,讨论1.9万
178,钱多人瘦,普通用户,来说一说#情侣同居房租该不该AA制# ？,0,0,0,11-22,#情侣同居房租该不该aa制#,#情侣同居房租该不该aa制#,阅读2.3亿,讨论1.9万
179,旧时言kk,普通用户,来说一说#情侣同居房租该不该AA制# ？,0,0,0,11-22,#情侣同居房租该不该aa制#,#情侣同居房租该不该aa制#,阅读2.3亿,讨论1.9万
180,钮钴禄桃桃,黄v,来说一说#情侣同居房租该不该AA制# ？,0,0,0,11-22,#情侣同居房租该不该aa制#,#情侣同居房租该不该aa制#,阅读2.3亿,讨论1.9万
181,野莓n,普通用户,来说一说#情侣同居房租该不该AA制# ？,0,0,0,11-22,#情侣同居房租该不该aa制#,#情侣同居房租该不该aa制#,阅读2.3亿,讨论1.9万
182,益佳官博,蓝v,来说一说#情侣同居房租该不该AA制# ？,0,0,0,11-22,#情侣同居房租该不该aa制#,#情侣同居房租该不该aa制#,阅读2.3亿,讨论1.9万
183,香樟与夏花灬,普通用户,来说一说#情侣同居房租该不该AA制# ？,0,0,0,11-22,#情侣同居房租该不该aa制#,#情侣同居房租该不该aa制#,阅读2.3亿,讨论1.9万
184,你的宝藏女孩鹿酱,普通用户,来说一说#情侣同居房租该不该AA制# ？,0,0,0,11-22,#情侣同居房租该不该aa制#,#情侣同居房租该不该aa制#,阅读2.3亿,讨论1.9万
185,贝贝刘颜,微博达人,来说一说#情侣同居房租该不该AA制# ？,0,0,0,11-22,#情侣同居房租该不该aa制#,#情侣同居房租该不该aa制#,阅读2.3亿,讨论1.9万
186,v萌萌,普通用户,来说一说#情侣同居房租该不该AA制# ？,0,0,0,11-22,#情侣同居房租该不该aa制#,#情侣同居房租该不该aa制#,阅读2.3亿,讨论1.9万
187,偷偷藏点甜,普通用户,#情侣同居房租该不该AA制##恋爱#感情不应该和金钱挂钩 真正爱你的人也舍得让你花钱 我觉得吧 这就要看每个人的价值观了 情侣同居房租应该怎么算?是否该由男方付?,0,0,0,11-20,#情侣同居房租该不该aa制#,#情侣同居房租该不该aa制#,阅读2.3亿,讨论1.9万
188,吾本重生,普通用户,#情侣同居房租该不该AA制##恋爱#AA 网页链接,0,0,0,11-18,#情侣同居房租该不该aa制#,#情侣同居房租该不该aa制#,阅读2.3亿,讨论1.9万
189,宠着张丹g,普通用户,#情侣同居房租该不该AA制##恋爱#我感觉男方应该付 让一个女生付那这个男的是真的不行 网页链接,0,0,1,11-18,#情侣同居房租该不该aa制#,#情侣同居房租该不该aa制#,阅读2.3亿,讨论1.9万
190,习惯没有你的爱,普通用户,"#情侣同居房租该不该AA制#遵从你自己的内心。这个是价值观的问题，如果你跟你男票的价值观有冲突，那么将来就不仅仅是房租AA的问题了。毕竟要走的路那么长。
就算你现在看了所有的答案，觉得大家说AA是合理的，但是你依然是无法很开心的去接受这个事实对不对。所以，这个要么就是坦诚的跟男票沟通，要 ...全文",0,0,0,11-17,#情侣同居房租该不该aa制#,#情侣同居房租该不该aa制#,阅读2.3亿,讨论1.9万
191,黑白条纹熊,普通用户,#情侣同居房租该不该AA制#两个人在一起 总有人会付出的多一点,0,0,0,11-16,#情侣同居房租该不该aa制#,#情侣同居房租该不该aa制#,阅读2.3亿,讨论1.9万
192,用户6241152262,普通用户,"#情侣同居房租该不该AA制#
啥都是我男朋友出 男朋友还接我上下学 给我做饭 喜欢什么东西 说一句 他一定会上心 而且还很帅 按他的话说 管吃管住管一切 当男朋友之余 当爹当哥还当出气筒 emmm 天天问我要不买个包 要不买双鞋 这个毛衣好看吗 反正我长得没她好看 他就说他恋丑癖 我们一致认为 他上辈子一 ...全文",0,0,0,11-16,#情侣同居房租该不该aa制#,#情侣同居房租该不该aa制#,阅读2.3亿,讨论1.9万
193,用户6182203885,普通用户,#情侣同居房租该不该AA制##恋爱#aa制吧，毕竟没结婚 情侣同居房租应该怎么算?是否该由男方付?,0,0,0,11-16,#情侣同居房租该不该aa制#,#情侣同居房租该不该aa制#,阅读2.3亿,讨论1.9万
194,九里_____,普通用户,#情侣同居房租该不该AA制#0,0,0,0,11-15,#情侣同居房租该不该aa制#,#情侣同居房租该不该aa制#,阅读2.3亿,讨论1.9万
195,汤达人师傅,普通用户,#情侣同居房租该不该AA制##恋爱#不是该不该 而是想不想 网页链接,0,0,0,11-14,#情侣同居房租该不该aa制#,#情侣同居房租该不该aa制#,阅读2.3亿,讨论1.9万
196,挽回前男友前任,黄v,"恭喜学员成功挽回男友！
在一起六年的感情，因为女方一直不断提升的需求感导致两个人分手，父母反对，见相亲对象……安全感是自己给予自己的，过于索取只会消耗彼此感情，有些选择一念之间，不要蹉跎了岁月，毕竟人这一辈子没有那么多时间可以等待！

...全文",0,1,1,11-13,#情侣同居房租该不该aa制#,#情侣同居房租该不该aa制#,阅读2.3亿,讨论1.9万
197,谢坤看见,金v,【关于同居关系的相关问题解答！？】同居关系是男女双方未办理婚姻登记而自愿、持续、稳定、公开地有性生活内容的共同生活在一起的社会关系。①同居关系等于事实婚姻吗？ ②同居期间发生暴力算家暴吗？ ③解除同居关系时财产如何分割？详见↓ ↓ ↓#情侣同居房租该不该AA制#,0,1,0,11-13,#情侣同居房租该不该aa制#,#情侣同居房租该不该aa制#,阅读2.3亿,讨论1.9万
198,我的梦话大王,普通用户,#情侣同居房租该不该AA制##恋爱#不一定，如果两人都订婚了，谁有钱谁付呗，反正我老公跟我婚前同居时，就是我付的，他那时候没钱，但是对我真的特好，房租能有几个钱。 网页链接,0,0,0,11-12,#情侣同居房租该不该aa制#,#情侣同居房租该不该aa制#,阅读2.3亿,讨论1.9万
199,是w王嘻嘻,普通用户,#情侣同居房租该不该AA制##恋爱#我觉得应该AA，没有什么事是理所应当的，只是处在情侣关系中，抛开双方的能力，都是应该AA的，现在不是都提倡男女平等吗？这该不该AA的问题就和结婚后房产证上该不该加女方名字的问题是一样的，并且房租AA这样也不会让双方心里不平衡或者是吵架后被赶出去，女孩子一定要 ...全文,0,0,1,11-12,#情侣同居房租该不该aa制#,#情侣同居房租该不该aa制#,阅读2.3亿,讨论1.9万
200,兔子的草莓泡芙,普通用户,#情侣同居房租该不该AA制##恋爱#以我的观点，我不建议情侣婚前同居哦~但是如果同居啦，以我是女孩子的观点来看，我会主动承担一半的房租，因为如果我是个男孩子的话，让我承担全部房租的话，其实压力有点大了，这是我的个人观点，还是建议大家在谈恋爱的时候，形成共同分担的观点哦~大家共同努力嘛~生 ...全文,0,0,1,11-12,#情侣同居房租该不该aa制#,#情侣同居房租该不该aa制#,阅读2.3亿,讨论1.9万
201,珊小主biu,普通用户,#情侣同居房租该不该AA制##恋爱#哪那么多糟心事，不住在一起不就得了，每天不管多晚都得回家，毕竟我个人认为这是女生自爱的一种体现 网页链接,0,0,1,11-12,#情侣同居房租该不该aa制#,#情侣同居房租该不该aa制#,阅读2.3亿,讨论1.9万
202,谭结yi,普通用户,"#情侣同居房租该不该AA制##恋爱#是的
网页链接",0,0,0,11-12,#情侣同居房租该不该aa制#,#情侣同居房租该不该aa制#,阅读2.3亿,讨论1.9万
203,fanfan亲子教育一辈子在成长路上,普通用户,#情侣同居房租该不该AA制##恋爱#大家把话题说出来，两个人一起协商找到一个共同答案就好。问非当事人怎么解决掉你们的问题呢？对吗 网页链接,0,0,0,11-12,#情侣同居房租该不该aa制#,#情侣同居房租该不该aa制#,阅读2.3亿,讨论1.9万
204,果为它维生素c,普通用户,#情侣同居房租该不该AA制##恋爱#看双方的经济能力，多赚多出，一起努力共同分担都不是问题，在于怎么沟通，怎么分配，各自扮演好自身的角色 网页链接,0,0,0,11-11,#情侣同居房租该不该aa制#,#情侣同居房租该不该aa制#,阅读2.3亿,讨论1.9万
205,恋爱校长-大梁,黄v,"#情侣同居房租该不该AA制#

该不该aa取决于沟通方式，讲道理的aa当然是不可取的，容易伤感情
但既然一起生活，应该互相扶持。
前几个月我收入出现了问题，女朋友就主动替我付了房租。
相爱在一起，就没有那么多规则。",0,0,0,11-11,#情侣同居房租该不该aa制#,#情侣同居房租该不该aa制#,阅读2.3亿,讨论1.9万
206,成-长记录,普通用户,#情侣同居房租该不该AA制##恋爱#可以aa或者女方付的，男方负责打扫卫生，做饭各种开销，琐碎的东西，应该没啥问题 网页链接,0,0,0,11-11,#情侣同居房租该不该aa制#,#情侣同居房租该不该aa制#,阅读2.3亿,讨论1.9万
207,杏林响马,普通用户,#情侣同居房租该不该AA制##恋爱#你提这种问题挺可笑……想问一下，未婚同居在你家遗传吗？ 网页链接,0,0,0,11-11,#情侣同居房租该不该aa制#,#情侣同居房租该不该aa制#,阅读2.3亿,讨论1.9万
208,好一个大青蛙,普通用户,#情侣同居房租该不该AA制##恋爱#男方不付，可能就要单身了吧，单身女生如果能付，估计这个男生会珍惜你一辈子 网页链接,0,0,0,11-10,#情侣同居房租该不该aa制#,#情侣同居房租该不该aa制#,阅读2.3亿,讨论1.9万
209,哎呦糖糖800,普通用户,"#情侣同居房租该不该AA制##恋爱#其实我感觉现在这个时代，因为是00后吧能接受的比较多我感觉情侣关系同居一定是感觉到了一定的程度，所以说房租谁手里资金宽裕谁就可以多出一点，毕竟同居后还有更多的柴米油盐酱醋茶所以说不要去在乎谁去出这个问题
忘采纳 网页链接",0,0,0,11-10,#情侣同居房租该不该aa制#,#情侣同居房租该不该aa制#,阅读2.3亿,讨论1.9万
210,情商蜀黍,普通用户,#情侣同居房租该不该AA制##恋爱#男方付，我的观点 情侣同居房租应该怎么算?是否该由男方付?,0,0,0,11-10,#情侣同居房租该不该aa制#,#情侣同居房租该不该aa制#,阅读2.3亿,讨论1.9万
211,鲸情,黄v,"#独生子女该不该生二胎#
AA制既然有它的不好处，就也有它的好处。

不好处就是是敏感的人，对AA制的状态，在感情中的付出，也会有所保留。好处呢，能减少金钱上的矛盾。

对于我们来说，分的那么清，要真做起来，别扭的很，也过不去。顶多就是你这次请，我下次请回。

有些情侣就不太分的那么清，俩人 ...全文",0,0,0,11-10,#情侣同居房租该不该aa制#,#情侣同居房租该不该aa制#,阅读2.3亿,讨论1.9万
212,本能instinct好多人用这个名字,普通用户,#情侣同居房租该不该AA制##恋爱#我觉得只要双方都接受并且都愿意的情况下，无论哪种方式都是可以的，如果两人愿意，女生付房租也是没问题的，这个跟其他人无关，是两个人的事情，就我自己而言，我是愿意AA的，经济独立对于我来说很重要，代表着自由，如果让对方为我付房租，我会觉得在经济上依赖对方， ...全文,0,0,0,11-10,#情侣同居房租该不该aa制#,#情侣同居房租该不该aa制#,阅读2.3亿,讨论1.9万
213,D女郎馨欣儿健康丰胸,普通用户,#情侣同居房租该不该AA制##恋爱#也该也不该，因为吃亏的都是女方，都是成年人了应该明白的，万一那天一言不和要分手责任谁承担，反正还是各自自爱吧，禁果不要偷吃的好。 网页链接,0,0,0,11-10,#情侣同居房租该不该aa制#,#情侣同居房租该不该aa制#,阅读2.3亿,讨论1.9万
214,艺xiaoran,普通用户,#情侣同居房租该不该AA制#建议AA，保障自己的权益 武汉,0,0,0,11-09,#情侣同居房租该不该aa制#,#情侣同居房租该不该aa制#,阅读2.3亿,讨论1.9万
215,北师心理李涛,普通用户,"#情侣同居房租该不该AA制##恋爱#
这个问题如果还计较，严格说，就算不上是情侣了，只能叫同居搭伙过日子。 网页链接",0,0,0,11-09,#情侣同居房租该不该aa制#,#情侣同居房租该不该aa制#,阅读2.3亿,讨论1.9万
216,用户7214879799,普通用户,#情侣同居房租该不该AA制##恋爱#AA 网页链接,0,0,0,11-09,#情侣同居房租该不该aa制#,#情侣同居房租该不该aa制#,阅读2.3亿,讨论1.9万
217,一首小小诗,普通用户,#情侣同居房租该不该AA制##恋爱#你们愿意怎么付怎么付啊，想怎么付怎么付啊，这哪有规定的？？???????? 网页链接,0,0,1,11-09,#情侣同居房租该不该aa制#,#情侣同居房租该不该aa制#,阅读2.3亿,讨论1.9万
218,李小波谈两性,普通用户,"#情侣同居房租该不该AA制##恋爱#一般来说，情侣同居房租应该男方来支付应该是合理的，主要原因有:
1，这就好比结婚时一般都要求男方买房子，而不是要求女方买房子一样的
2，这提现了男人有责任感有担当的一面，如果一个男人在恋爱阶段的同居都不愿意出房租，很难相信他以后对你是有担当负责任的。
3， ...全文",0,0,0,11-09,#情侣同居房租该不该aa制#,#情侣同居房租该不该aa制#,阅读2.3亿,讨论1.9万
219,博库哇罗,普通用户,#情侣同居房租该不该AA制##恋爱#AA 情侣同居房租应该怎么算?是否该由男方付?,0,0,0,11-09,#情侣同居房租该不该aa制#,#情侣同居房租该不该aa制#,阅读2.3亿,讨论1.9万
220,骏马BengTeng,普通用户,#情侣同居房租该不该AA制##恋爱#如果感情深 谁付并不重 网页链接,0,0,0,11-09,#情侣同居房租该不该aa制#,#情侣同居房租该不该aa制#,阅读2.3亿,讨论1.9万
221,情感救援,普通用户,来说一说#情侣同居房租该不该AA制# ？,0,3,1,11-09,#情侣同居房租该不该aa制#,#情侣同居房租该不该aa制#,阅读2.3亿,讨论1.9万
222,二十三年身先死,普通用户,#情侣同居房租该不该AA制##恋爱#不应该，平摊吧，什么事都得分清楚，你是你他是他。但前提是作为一个女孩子不要吃亏，他花大钱你花小钱，也不要什么都让男的来，当然，最好还是不要同居，麻烦事太多 网页链接,0,0,0,11-09,#情侣同居房租该不该aa制#,#情侣同居房租该不该aa制#,阅读2.3亿,讨论1.9万
223,睡不醒的猫LLX,普通用户,#情侣同居房租该不该AA制##恋爱#说白了，A不AA制都无所谓吧！两个人在一起最主要的是包容！ 网页链接,0,0,0,11-09,#情侣同居房租该不该aa制#,#情侣同居房租该不该aa制#,阅读2.3亿,讨论1.9万
224,情感挽回--罗希老师,普通用户,发布了头条文章：《女人十大“性感动作”，让男人无法自拔！》 #情侣同居房租该不该AA制# 女人十大“性感动作”，让男人无法自拔！,0,0,0,11-09,#情侣同居房租该不该aa制#,#情侣同居房租该不该aa制#,阅读2.3亿,讨论1.9万
225,大蝈爷,普通用户,#情侣同居房租该不该AA制##恋爱#可以男方付啊 女方负责其他日常开销就完了 网页链接,0,0,0,11-09,#情侣同居房租该不该aa制#,#情侣同居房租该不该aa制#,阅读2.3亿,讨论1.9万
226,灿灿1126,普通用户,"我推荐了@逗梗说事儿 提出的问题""该由男方付?""居房租该不该AA制##恋爱#对于“情侣同居，房租该不该AA”这个问题，一直以来都是...，已有@CX满 @happy热哥 @吓得我又搞笑了 等人回答，等你围观。更多内容，欢迎锁定@微博问答 >> 情侣同居房租应该怎么算?是否该由男方付?   ??Q boy?U d,s",0,0,0,11-08,#情侣同居房租该不该aa制#,#情侣同居房租该不该aa制#,阅读2.3亿,讨论1.9万
227,阳光王娜,微博达人,#情侣同居房租该不该AA制##恋爱#AA制 网页链接,0,0,0,11-08,#情侣同居房租该不该aa制#,#情侣同居房租该不该aa制#,阅读2.3亿,讨论1.9万
228,无趣女博士Yang,普通用户,#情侣同居房租该不该AA制##恋爱#这问题也太简单粗暴了，涉及很多因素啊，最主要是二者平衡、平等。 网页链接,0,0,0,11-08,#情侣同居房租该不该aa制#,#情侣同居房租该不该aa制#,阅读2.3亿,讨论1.9万
229,w^R,黄v,#情侣同居房租该不该AA制##恋爱#这个问题就没有准确答案，情侣之间的财产不共有。如何支配是自己的问题，只要双方达成协议就好。从平等的角度讲一人一半没有问题。但是两个人在一起涉及到的费用没办法完全AA计算。就说水电，女生可能每天要洗澡，男生可能每天晚上抱着笔记本打三四个小时游戏，你要是说 ...全文,0,0,0,11-08,#情侣同居房租该不该aa制#,#情侣同居房租该不该aa制#,阅读2.3亿,讨论1.9万
230,啊呆ZM,普通用户,"#情侣同居房租该不该AA制##恋爱#
个人不提倡提出AA房租费，可以不用这么绝对的对等，男生付房租费，那女生就可以在生活日常开销上支付，情侣之间在一起，应该互相理解，互相分担。
如果房费AA，那吃饭，逛街，礼物等方面都要AA，两个人在一起不需要分的清，但是要学会替对方着想。 ...全文",0,0,0,11-08,#情侣同居房租该不该aa制#,#情侣同居房租该不该aa制#,阅读2.3亿,讨论1.9万
231,WannaCuel,黄v,"#情侣同居房租该不该AA制##恋爱#
如果是我的话
我要是有男盆友的话
并且已经要到了谈婚论嫁的时候的话
跟男朋友同居租房
我肯定是要AA的
就算以后结婚也是要经济独立的
更别说还没结婚了
还没结婚租房之类的费用如果由男方负担
自己未免显得太没有底气了
该我付的我就会付
如果以感情相胁避开经济负担
...全文",0,0,0,11-08,#情侣同居房租该不该aa制#,#情侣同居房租该不该aa制#,阅读2.3亿,讨论1.9万
232,微博问答,蓝v,#情感百问# 你觉得情侣同居后的房租该AA制吗？应该怎么算比较合适呢？,4,19,29,11-08,#情侣同居房租该不该aa制#,#情侣同居房租该不该aa制#,阅读2.3亿,讨论1.9万
233,边神J,普通用户,#情侣同居房租该不该AA制##恋爱#双方高兴就好 网页链接,0,0,0,11-08,#情侣同居房租该不该aa制#,#情侣同居房租该不该aa制#,阅读2.3亿,讨论1.9万
234,耿鬼大人,普通用户,#情侣同居房租该不该AA制##恋爱#每对情侣??的观念都不同，所以不同情况不同处理方式呗。没有一个标准的答案。也不必重视别人对自己两个人的处理方式的看法。毕竟两个人谈恋爱，其他人管的着嘛！！ 网页链接,0,0,1,11-08,#情侣同居房租该不该aa制#,#情侣同居房租该不该aa制#,阅读2.3亿,讨论1.9万
235,睿睿Relina,普通用户,#情侣同居房租该不该AA制##恋爱#我觉得AA不是只限制于房租吧 是说AA制生活 比如我洗完男朋友就得做饭 我洗衣服他就要叠衣服 我在忙孩子他就得把家里宠物收拾好 租金如果他付 我会付责比如每个月买菜和零食费用这些 网页链接,0,0,0,11-08,#情侣同居房租该不该aa制#,#情侣同居房租该不该aa制#,阅读2.3亿,讨论1.9万
236,MEG大番薯,普通用户,#情侣同居房租该不该AA制#嗯,0,0,0,11-08,#情侣同居房租该不该aa制#,#情侣同居房租该不该aa制#,阅读2.3亿,讨论1.9万
237,斜风细雨016,普通用户,#情侣同居房租该不该AA制##恋爱#以结婚为目的，钱基本就会放在某一个人那里进行统一规划，为未来生活做好准备，就无所谓谁出钱了。如果双方只是在一起，那就看双方自愿了，双方都很独立，就AA，女性依附男性就男方付。男性愿意自己承担表示自己的实力，那就男方付。情况不同，哪有明确统一的答案。 ...全文,0,0,0,11-08,#情侣同居房租该不该aa制#,#情侣同居房租该不该aa制#,阅读2.3亿,讨论1.9万
238,恶徒就是嗨,普通用户,#情侣同居房租该不该AA制##恋爱#那肯定是男方了！站着便宜还不掏钱，要他干嘛！ 网页链接,0,0,1,11-08,#情侣同居房租该不该aa制#,#情侣同居房租该不该aa制#,阅读2.3亿,讨论1.9万
239,木土杜DejaNotVu,普通用户,邀请知乎回答一下今天热门话题 #情侣同居房租该不该aa制#,0,0,0,11-08,#情侣同居房租该不该aa制#,#情侣同居房租该不该aa制#,阅读2.3亿,讨论1.9万
240,我爱网拍-喵喵,普通用户,#情侣同居房租该不该AA制##恋爱#正常应该由男人来主持经济问题吧，但由于不是夫妻关系还是看个人意愿比较好，如果感情深点男生付房租应该没问题的啵！ 网页链接,0,0,0,11-08,#情侣同居房租该不该aa制#,#情侣同居房租该不该aa制#,阅读2.3亿,讨论1.9万
241,假装我是个大厨,普通用户,#情侣同居房租该不该AA制#一切都算的那么清楚感情就会有偏差了 北安市,0,0,0,11-08,#情侣同居房租该不该aa制#,#情侣同居房租该不该aa制#,阅读2.3亿,讨论1.9万
242,莓Dassie,普通用户,#情侣同居房租该不该AA制##恋爱#a 网页链接,0,0,0,11-08,#情侣同居房租该不该aa制#,#情侣同居房租该不该aa制#,阅读2.3亿,讨论1.9万
243,琳妹子爱西瓜,黄v,#情侣同居房租该不该AA制##恋爱#看情况吧，最好是大家分摊 如果女方有工作的话 网页链接,0,0,0,11-08,#情侣同居房租该不该aa制#,#情侣同居房租该不该aa制#,阅读2.3亿,讨论1.9万
244,用户7311163910,普通用户,#情侣同居房租该不该AA制##恋爱#我觉的两个人在一起租房两个一起了生活不用应该算的很清楚，两个人过好生活相扶过好生活就行了 网页链接,0,0,1,11-08,#情侣同居房租该不该aa制#,#情侣同居房租该不该aa制#,阅读2.3亿,讨论1.9万
245,鱼仔吃小辣椒,黄v,"#情侣同居房租该不该AA制##恋爱#
这就应该是具体情况具体分析了，但是我还是觉得应该""应当在生活用品或者是其他的方面出资，毕竟不是结婚，虽然只是同居，财产可能也没有分得特别清楚，但是我觉得还是要秉持着互相理解，互相给予 ...全文文全文由由男方付?   ??Q boy?U d,s? ?  ?",0,0,0,11-08,#情侣同居房租该不该aa制#,#情侣同居房租该不该aa制#,阅读2.3亿,讨论1.9万
246,火炎龙888,普通用户,#情侣同居房租该不该AA制##恋爱#必须由男方支付，要不然付出的太多了！ 网页链接,0,0,1,11-08,#情侣同居房租该不该aa制#,#情侣同居房租该不该aa制#,阅读2.3亿,讨论1.9万
247,情感婚姻咨询_挽回_修复,黄v,"怎么挽回前男友男朋友超话 找出分手原因，加大挽回希望
分手后想要挽回男友，那么你记得明白一个问题，两个人在一起为什么会分手？导致分手的原因是什么？想想是否是因为性格不合，双方吵架不愿和解，家庭阻力，小三介入，身上坏毛病太多，占有欲太强，没有给他私人空间，只有找出分手原因，你才知 ...全文",0,49,17,11-08,#情侣同居房租该不该aa制#,#情侣同居房租该不该aa制#,阅读2.3亿,讨论1.9万
248,梦森537,普通用户,#情侣同居房租该不该AA制##恋爱#AA吧，全部男方付的话，总觉得会欠对方什么，会有种不平等的感觉，女方做什么很可能都会被付款的男方理解为应当的。个人觉得这样不太好。 网页链接,0,0,0,11-08,#情侣同居房租该不该aa制#,#情侣同居房租该不该aa制#,阅读2.3亿,讨论1.9万
249,留守的老王小王,普通用户,#情侣同居房租该不该AA制#AA不是最重要的，最重要的是沟通，或许女生提出AA男生还不乐意了，他就不想你花钱。所以有事先沟通，找到彼此都舒服的方式去相处,0,0,0,11-08,#情侣同居房租该不该aa制#,#情侣同居房租该不该aa制#,阅读2.3亿,讨论1.9万
250,鲁沐辰,金v,"#情侣同居房租该不该AA制#
有的女的就说了
如果AA制我为啥不自己租
天高海阔任我飞
跟男朋友住
饭是我煮地是我拖
衣服是洗衣机洗
请问他干了什么呢
我修灯泡的时候给我递灯泡
还是我通马桶的时候给我递筛子？",0,0,2,11-08,#情侣同居房租该不该aa制#,#情侣同居房租该不该aa制#,阅读2.3亿,讨论1.9万
251,红网消费频道,蓝v,"#情侣同居房租该不该aa制# 这个问题简直是千古难题，有人觉得男生出点钱怎么了？有人说又没结婚为啥要男生出钱？
红妹觉得，钱肯定是两边都要出的，如果各自喜欢aa那就aa，觉得aa不好听但是又不想都一方出怕影响感情，那就男生出房租，女生出水电费和平时买些小零食买些菜 ...全文",0,0,1,11-08,#情侣同居房租该不该aa制#,#情侣同居房租该不该aa制#,阅读2.3亿,讨论1.9万
252,栀璃鸢挽2005,普通用户,#情侣同居房租该不该AA制##恋爱#是由男方付 网页链接,0,0,0,11-08,#情侣同居房租该不该aa制#,#情侣同居房租该不该aa制#,阅读2.3亿,讨论1.9万
253,禾欧侯,普通用户,#情侣同居房租该不该AA制#该,0,5,4,11-08,#情侣同居房租该不该aa制#,#情侣同居房租该不该aa制#,阅读2.3亿,讨论1.9万
254,ZYL你的睫毛好长,普通用户,#情侣同居房租该不该AA制#不该,0,0,0,11-08,#情侣同居房租该不该aa制#,#情侣同居房租该不该aa制#,阅读2.3亿,讨论1.9万
255,青城山下小鱼仙儿,普通用户,"#情侣同居房租该不该AA制#当然要！
两性关系里面本来就有太多分不清的事情，所以能分清就一定要分清。
大家都是上班族，没有谁比谁容易，当然支出AA了，咱们家务什么的也得商量着来。
女生不是家政阿姨，也别想着什么“按劳付费”了。
亲密关系，也该是协同作战的伙伴，生活本就不易，所以才要彼此分担 ...全文",1,0,3,11-08,#情侣同居房租该不该aa制#,#情侣同居房租该不该aa制#,阅读2.3亿,讨论1.9万
256,儒释道龚伟,黄v,#情侣同居房租该不该AA制#个人觉得无所谓，谁付或者AA，或者谁多付谁少付，这都不是问题好不好，重要的是相互体贴，以心换心好不好，情侣还计较这个问题的话，一定是没感觉了，感情破裂了。,0,8,6,11-08,#情侣同居房租该不该aa制#,#情侣同居房租该不该aa制#,阅读2.3亿,讨论1.9万
257,挽大师,黄v,"#情侣同居房租该不该AA制##恋爱#

恋爱就想腻在一起而同居，还是因为想结婚而进行婚前试爱，亦或是根本没有结婚想法，感情基础也不牢靠，同居只是为了满足利益最大化，比如节省房租，分担家务以及满足生理需求，这些是应该在婚前要想清楚的，也需要提前沟通好。 情侣同居房租应该怎么算?是否该由男方付?",0,30,9,11-08,#情侣同居房租该不该aa制#,#情侣同居房租该不该aa制#,阅读2.3亿,讨论1.9万
258,想找个女票的何某某,普通用户,#情侣同居房租该不该AA制#如果都是男生出，你决定男生还有多少余粮？,0,0,0,11-08,#情侣同居房租该不该aa制#,#情侣同居房租该不该aa制#,阅读2.3亿,讨论1.9万
259,开心的25岁老奶奶,普通用户,"#情侣同居房租该不该AA制#看着网上的各种谈恋爱的问题，应不应该，付出多少，怎么公平，应该怎样。这一类的，不禁中感到了这所谓的爱情都要权衡利弊，生怕自己损失了什么。对于感情不想付出太多要求平衡，感情本身就不是公平的事情。
既然能问出这些话来，那也表明接下来你们会有，什么你出多少 ...全文",0,0,1,11-08,#情侣同居房租该不该aa制#,#情侣同居房租该不该aa制#,阅读2.3亿,讨论1.9万
260,柑橘炒鸡翅,普通用户,#情侣同居房租该不该aa制# 生活方式是自己选的 而且至少两个人得互相信任并且做出相同的选择,0,2,0,11-08,#情侣同居房租该不该aa制#,#情侣同居房租该不该aa制#,阅读2.3亿,讨论1.9万
261,作家二美,普通用户,#情侣同居房租该不该AA制#租个房都要跟女朋友AA制，这样的男人居然能找到女朋友？女人应该反思一下，好男人多的是，你们为什么要找这种男人当男朋友。,0,0,0,11-08,#情侣同居房租该不该aa制#,#情侣同居房租该不该aa制#,阅读2.3亿,讨论1.9万
262,是陈老实呀,普通用户,"#情侣同居房租该不该AA制# 这个问题，看似说的房租该不该AA，其实说的就是情侣间的消费观。

现如今的社会，无论是田园女权者的高呼，还是社会素质的进步，大家越来越认可男女平等，尊重女性，本就应该，但如果女性自己就不尊重女性，不知道该算到谁的头上去。

情侣同居，房租应该怎么算，无论男朋友 ...全文",0,0,0,11-08,#情侣同居房租该不该aa制#,#情侣同居房租该不该aa制#,阅读2.3亿,讨论1.9万
263,原来是乔治弟呀-,黄v,#情侣同居房租该不该AA制##恋爱#应该男方支付。 网页链接,0,0,0,11-08,#情侣同居房租该不该aa制#,#情侣同居房租该不该aa制#,阅读2.3亿,讨论1.9万
264,是佳鑫阿,黄v,"#情侣同居房租该不该AA制# 个人觉得的确不需要AA

但是我觉得女孩要是提一嘴没准儿男孩可能会有不一样的心理活动吧？

当然啦，家务应该一起做的，不能让女孩子一个人干，又不是给自己找了个妈… 北京・岳各庄北桥",0,0,2,11-08,#情侣同居房租该不该aa制#,#情侣同居房租该不该aa制#,阅读2.3亿,讨论1.9万
265,长安某的清风渡,普通用户,#情侣同居房租该不该AA制#不用一定的AA制，我觉得女生在别的地方补回来也行的,0,0,0,11-08,#情侣同居房租该不该aa制#,#情侣同居房租该不该aa制#,阅读2.3亿,讨论1.9万
266,北京青蛇李媛媛,金v,#情侣同居房租该不该AA制#看情况吧，不是非平均不可，但是心里要有数，单方长期付出肯定不行，也许在别的方面找平衡。社会契约论。,0,0,1,11-08,#情侣同居房租该不该aa制#,#情侣同居房租该不该aa制#,阅读2.3亿,讨论1.9万
267,风动心懂,普通用户,#情侣同居房租该不该AA制##恋爱#AA制最好，每个人都是独立的，为什么一定要让别人为自己付呢？不要说是情侣就算是夫妻也应该一起分担，女人不管在什么时候都应该经济独立，一定要做一个上得厅堂下得厨房的女人 网页链接,0,0,1,11-08,#情侣同居房租该不该aa制#,#情侣同居房租该不该aa制#,阅读2.3亿,讨论1.9万
268,风动心懂,普通用户,#情侣同居房租该不该AA制##恋爱#AA制最好，每个人都是独立的，为什么一定要让别人为自己付呢？不要说是情侣就算是夫妻也应该一起分担，女人不管在什么时候都应该经济独立，一定要做一个上得厅堂下得厨房的女人 情侣同居房租应该怎么算?是否该由男方付?,0,0,1,11-08,#情侣同居房租该不该aa制#,#情侣同居房租该不该aa制#,阅读2.3亿,讨论1.9万
269,牵丝线v,普通用户,#情侣同居房租该不该AA制##恋爱#首先恋爱过程中我觉得就不应该是平等的，别人手心里面的宝贝为什么到你这儿你就不能好好疼爱了，再有谈恋爱过程中开房能让女生付嘛？这不是涉及到金钱的问题，这是涉及态度方面的问题，所以出租也是一样 网页链接,0,0,0,11-08,#情侣同居房租该不该aa制#,#情侣同居房租该不该aa制#,阅读2.3亿,讨论1.9万
270,超甜可困,黄v,"#情侣同居房租该不该AA制#

真爱是两个人都会去付出的 不会在乎 如果是直接摊开说要钱怎样怎样 会有点不能接受 一段感情 也不能说要男生一直付出 好的爱情肯定是两个人一起努力付出的 如果两个人都很计算 那很难走到最后吧",0,0,0,11-08,#情侣同居房租该不该aa制#,#情侣同居房租该不该aa制#,阅读2.3亿,讨论1.9万
271,sxclin大林,金v,#情侣同居房租该不该AA制#该。在一切都未明朗前，不要以为自己是占了对方的便宜，因为占便宜的最终都以吃亏作为结局,0,1,3,11-08,#情侣同居房租该不该aa制#,#情侣同居房租该不该aa制#,阅读2.3亿,讨论1.9万
272,论如何做好可乐鸡翅,普通用户,#情侣同居房租该不该AA制#应该的，谁的钱也不是大风刮来的，而且是情侣又不是已经结婚了，个人财务还是自己的更应该分清，也避免养成惰性心理，如果不aa的话，那么另一方负责出一日三餐，水电费也是可以的，反正不能只让对方一个人出钱,0,0,1,11-08,#情侣同居房租该不该aa制#,#情侣同居房租该不该aa制#,阅读2.3亿,讨论1.9万
273,唐哇哈哈哈,普通用户,#情侣同居房租该不该AA制#房租水电可以aa，平常出去吃饭日常开销什么的你可以付吧，难道还回来跟我算账？,0,0,0,11-08,#情侣同居房租该不该aa制#,#情侣同居房租该不该aa制#,阅读2.3亿,讨论1.9万
274,根正苗红的奇奇,普通用户,自己一个人住不香吗，为什么有的情侣要同居呀#情侣同居房租该不该aa制#,0,1,1,11-08,#情侣同居房租该不该aa制#,#情侣同居房租该不该aa制#,阅读2.3亿,讨论1.9万
275,特没普先生,普通用户,"#情侣同居房租该不该AA制#
难道不应该考虑一下从哪才可以交到男（女）朋友？",0,2,0,11-08,#情侣同居房租该不该aa制#,#情侣同居房租该不该aa制#,阅读2.3亿,讨论1.9万
276,小饮茶,黄v,#情侣同居房租该不该aa制#就该AA制 福州・闽侯万家广场,0,0,0,11-08,#情侣同居房租该不该aa制#,#情侣同居房租该不该aa制#,阅读2.3亿,讨论1.9万
277,烟凡气,黄v,"今日话题：#情侣同居房租该不该aa制#

这个话题有点可笑 刚在一起情侣约会基本男生买单
在一起久了单方经济压力肯定很大 可以你请吃饭电影我来付酒店开房开房的钱 这没问题
可同居了房租aa 是不是水电还要aa?结婚买房还要aa?彩礼还要aa嘛？",0,0,1,11-08,#情侣同居房租该不该aa制#,#情侣同居房租该不该aa制#,阅读2.3亿,讨论1.9万
278,胶州市人民检察院,蓝v,"【关于同居关系的相关问题解答！】同居关系是男女双方未办理婚姻登记而自愿、持续、稳定、公开地有性生活内容的共同生活在一起的社会关系。①同居关系等于事实婚姻吗？ ②同居期间发生暴力算家暴吗？ ③解除同居关系时财产如何分割？详见↓ ↓ ↓#情侣同居房租该不该aa制#
长图",6,20,12,11-08,#情侣同居房租该不该aa制#,#情侣同居房租该不该aa制#,阅读2.3亿,讨论1.9万
279,伴清词者,普通用户,#情侣同居房租该不该AA制#不该吧，买房子你买不起，租房子你也租不起，要你干啥用 青岛・青岛科技大学四方校区,0,2,2,11-08,#情侣同居房租该不该aa制#,#情侣同居房租该不该aa制#,阅读2.3亿,讨论1.9万
280,几度细思量丶,普通用户,#情侣同居房租该不该AA制#开心就好，就怕又找接盘侠，只接受全新的女人，,0,0,0,11-08,#情侣同居房租该不该aa制#,#情侣同居房租该不该aa制#,阅读2.3亿,讨论1.9万
281,冫红日灬,普通用户,"#情侣同居房租该不该AA制##恋爱#按世俗房租应该是男人出，因为男人烙上烙印一一男人有当担。这是男人难做好男人更难。主客上还是偏向男人应该为房租埋单，男人吗，就应该有魄力去完成所有任务，包括为你的喜欢的女生付出的一切代价，这就是男人必备的硬件。
虽说现代人们，喜欢AA制，普通认为谁也欠 ...全文",0,3,20,11-08,#情侣同居房租该不该aa制#,#情侣同居房租该不该aa制#,阅读2.3亿,讨论1.9万
282,一生若梦的呼吸,普通用户,"#情侣同居房租该不该aa制#看两人相处模式吧，不是不aa就不好，看情况，男经济条件好女的差，就男的付，女的经济条件好男差 女付，都付得起就aa,有的男的自尊心强，也要在乎对方感受，他要付就付，个人相处模式就是能让自己和对方都不尴尬，心里舒服就行。(其实都成男女朋友了还住一起了，两人生活的经 ...全文",0,0,0,11-08,#情侣同居房租该不该aa制#,#情侣同居房租该不该aa制#,阅读2.3亿,讨论1.9万
283,小数派aa,普通用户,"如果想和对方分手了，不妨先看看这段话。

如果你们没做情侣前是特别好的朋友
一个不经意的话题就能逗得你们俩像傻子一样哈哈大笑
慢慢觉得对方重要了，离不开对方了。

时间久了，你们的关系得到了进一步的发展
成为了恋人
起初恩爱的不行，一天不聊天就不舒服
整天腻腻歪歪的说着情话
可是慢慢的时间 ...全文",0,0,0,11-08,#情侣同居房租该不该aa制#,#情侣同居房租该不该aa制#,阅读2.3亿,讨论1.9万
284,分手挽回前男友爱情婚姻,黄v,"分手怎么挽回前任异地异国恋超话 相爱简单相处难，如何能让爱情在日常的琐碎中保鲜，才是一门学问。因为我们都懂，爱上一个人，绝不仅仅只是牵手，散步，在票圈发几张自拍那么简单。

真正的相爱，是你知道对方几点归家，吃饭时分享今天的快乐和烦恼，彼此扶持，一同渡过难关。

或许，热恋中的美 ...全文",2,86,32,11-08,#情侣同居房租该不该aa制#,#情侣同居房租该不该aa制#,阅读2.3亿,讨论1.9万
285,Slanyyy,普通用户,#情侣同居房租该不该AA制##恋爱#看个人的经济情况吧 网页链接,0,0,0,11-08,#情侣同居房租该不该aa制#,#情侣同居房租该不该aa制#,阅读2.3亿,讨论1.9万
286,晋城市中级人民法院,蓝v,#小晋说法# 【关于同居关系的相关问题解答！】同居关系是男女双方未办理婚姻登记而自愿、持续、稳定、公开地有性生活内容的共同生活在一起的社会关系。①同居关系等于事实婚姻吗？ ②同居期间发生暴力算家暴吗？ ③解除同居关系时财产如何分割？详见↓ ↓ ↓#情侣同居房租该不该aa制#,0,0,0,11-08,#情侣同居房租该不该aa制#,#情侣同居房租该不该aa制#,阅读2.3亿,讨论1.9万
287,倾听心声拥抱世界,普通用户,"#情侣同居房租该不该AA制##恋爱#
付房租的方式有
1.一人一半
2.照薪水比例分配
3.其中一方全付（男或女均可能）
不管是以上那一种，事先都要沟通好，别到情散时成为拉踩对方的操作。 情侣同居房租应该怎么算?是否该由男方付?",0,0,1,11-08,#情侣同居房租该不该aa制#,#情侣同居房租该不该aa制#,阅读2.3亿,讨论1.9万
288,最美朴美兰,普通用户,#情侣同居房租该不该AA制##恋爱#婚前最好的不要同居，将来他对你没有新鲜感 那他会和你结婚吗？我听过一个故事 他和女友同居了八年 打胎了两个孩子 ，到头来男的就是不肯结婚 女方试探提出分手 没想到真分手了，我精确哪位女生伤的很深的。 网页链接,0,0,0,11-08,#情侣同居房租该不该aa制#,#情侣同居房租该不该aa制#,阅读2.3亿,讨论1.9万
289,爱很美rr,普通用户,#情侣同居房租该不该AA制#感觉如果情侣之间还要谈论这种问题，那只能证明你们不是真心喜欢！,0,0,0,11-08,#情侣同居房租该不该aa制#,#情侣同居房租该不该aa制#,阅读2.3亿,讨论1.9万
290,我已经使用洪荒之力666,普通用户,#情侣同居房租该不该AA制##恋爱#不知道 网页链接,0,0,0,11-08,#情侣同居房租该不该aa制#,#情侣同居房租该不该aa制#,阅读2.3亿,讨论1.9万
291,赵植睿,金v,#情侣同居房租该不该AA制##恋爱#我发现在传统观念里面人们的潜意识都是需要男方支付，但是我觉得既然两人中间存在这个问题，说明不是真爱，只是暂时的相互满足吧！真的是真爱的话，男方和女方都不会介意谁付出多，都想为对方付出！ 网页链接,0,8,2,11-08,#情侣同居房租该不该aa制#,#情侣同居房租该不该aa制#,阅读2.3亿,讨论1.9万
292,孤独心甜,普通用户,#情侣同居房租该不该AA制#真正的爱是无私的爱，不求回报的爱。算得那么清楚，你们的爱情里还叫做爱情吗？我爱你，我可以为你付出你需要的全部。且不求回报心甘情愿。,0,0,1,11-08,#情侣同居房租该不该aa制#,#情侣同居房租该不该aa制#,阅读2.3亿,讨论1.9万
293,聪明可爱的小鑫姑凉,普通用户,"#套路男朋友##情侣同居房租该不该aa制# 教你如何套路你男朋友。
喜欢的滴滴我
免费送给大家 秦皇岛",0,8,2,11-08,#情侣同居房租该不该aa制#,#情侣同居房租该不该aa制#,阅读2.3亿,讨论1.9万
294,大兜哥378,普通用户,#情侣同居房租该不该AA制##恋爱#当然女方付钱 情侣同居房租应该怎么算?是否该由男方付?,0,0,0,11-08,#情侣同居房租该不该aa制#,#情侣同居房租该不该aa制#,阅读2.3亿,讨论1.9万
295,YbbbbWEN,普通用户,#情侣同居房租该不该aa制#看经济吧，男生赚的多男生给，女生赚的多女生给，都差不多就aa呗，互相体谅互相谅解，少给钱的补贴一下家用，买点生活用品，不要互相追究谁出更多钱，才能更长久呀！ 广州,0,0,1,11-08,#情侣同居房租该不该aa制#,#情侣同居房租该不该aa制#,阅读2.3亿,讨论1.9万
296,haoge998900,普通用户,#情侣同居房租该不该aa制#不能一概而论，具体情况具体分析 郑州,0,0,0,11-08,#情侣同居房租该不该aa制#,#情侣同居房租该不该aa制#,阅读2.3亿,讨论1.9万
297,一路向斌带,黄v,#情侣同居房租该不该AA制##恋爱#去西藏的川藏线318最好了，因为川藏线容纳了一年四季的景色！还有草原 峡谷 湖泊 山川 森林 雪山 冰川等等神奇吧！说走就走11.25号成都出发川藏线拼车自驾游越野车还有空位哟， 网页链接,0,0,0,11-08,#情侣同居房租该不该aa制#,#情侣同居房租该不该aa制#,阅读2.3亿,讨论1.9万
298,jiangzi西,黄v,#情侣同居房租该不该AA制##恋爱#AA吧 网页链接,0,0,0,11-07,#情侣同居房租该不该aa制#,#情侣同居房租该不该aa制#,阅读2.3亿,讨论1.9万
299,希岸高清壁纸,普通用户,#情侣同居房租该不该AA制##恋爱#主要看双方的价值观，没有该不该，只有你们的 网页链接,0,0,0,11-07,#情侣同居房租该不该aa制#,#情侣同居房租该不该aa制#,阅读2.3亿,讨论1.9万
300,怎N挽回前男友,金v,"“
其实 我没有其他的目的
我就是单纯的喜欢你
尽管我经常独自一个人在夜里崩溃
到了白天又会继续喜欢你
我就是想能多陪你一场
还想和你看看以后的风景
星河滚烫 你是人间理想
”

#遇到暗恋的人该主动吗# ...全文",2,17,14,11-07,#情侣同居房租该不该aa制#,#情侣同居房租该不该aa制#,阅读2.3亿,讨论1.9万
301,honey吴敖,微博达人,"#情侣同居房租该不该AA制##恋爱#
这一看就是个大男子主义的问法，男女平等，看不起谁呢?当然，具体情况具体分析，不单单是房租，情侣共同花销的事项有很多，如果很在意就在交往之初商议好一个通则执行，避免以后拿这种事情反复提出来制造矛盾。同居的情侣，感情摆在那儿，其实谁多花点钱谁少花点钱没那 ...全文",0,0,0,11-07,#情侣同居房租该不该aa制#,#情侣同居房租该不该aa制#,阅读2.3亿,讨论1.9万
302,哥・搞笑段子手,普通用户,#情侣同居房租该不该AA制##恋爱#当我怀了他的孩子，在医院住院做引产的时候，他天天和他朋友在网吧上网，出院在家，休息不到10天，我就要去上班，不然没钱生活了，那时候我就觉得他不爱我 网页链接,0,0,0,11-07,#情侣同居房租该不该aa制#,#情侣同居房租该不该aa制#,阅读2.3亿,讨论1.9万
303,请喊我阳阳仙女r,普通用户,"#情侣同居房租该不该AA制##恋爱#
当然男方承担啊！
如果连房租，男方都不承担
那你嫁给他干嘛呢？ 情侣同居房租应该怎么算?是否该由男方付?",0,0,0,11-07,#情侣同居房租该不该aa制#,#情侣同居房租该不该aa制#,阅读2.3亿,讨论1.9万
304,ManiZ1990,普通用户,#情侣同居房租该不该AA制##恋爱#应该AA啊 网页链接,0,0,0,11-07,#情侣同居房租该不该aa制#,#情侣同居房租该不该aa制#,阅读2.3亿,讨论1.9万
305,v糖vv,普通用户,#情侣同居房租该不该AA制#我会要你住我家，随便出物业费,0,0,0,11-07,#情侣同居房租该不该aa制#,#情侣同居房租该不该aa制#,阅读2.3亿,讨论1.9万
306,何昌松律师,普通用户,#情侣同居房租该不该AA制##恋爱#连这个都计较，建议不用同居了。如果都由男方承担，大家是不是自然想到了那个，我就不明说了。 网页链接,0,0,0,11-07,#情侣同居房租该不该aa制#,#情侣同居房租该不该aa制#,阅读2.3亿,讨论1.9万
307,Fanny赖,普通用户,#情侣同居房租该不该AA制##恋爱#这个取决于他们双方呀，商量着呗。 网页链接,0,0,2,11-07,#情侣同居房租该不该aa制#,#情侣同居房租该不该aa制#,阅读2.3亿,讨论1.9万
308,北京微博房产,蓝v,说声#晚安# 小北今天就不营业了，今日话题“#情侣同居房租该不该AA制#？”#北京租房#,0,0,1,11-07,#情侣同居房租该不该aa制#,#情侣同居房租该不该aa制#,阅读2.3亿,讨论1.9万
309,骑着香蕉追黄瓜,普通用户,#情侣同居房租该不该AA制#不用，我家房多,0,0,0,11-07,#情侣同居房租该不该aa制#,#情侣同居房租该不该aa制#,阅读2.3亿,讨论1.9万
310,情感日迹,金v,#情侣同居房租该不该aa制# 情侣同居房租该不该aa制情侣同居房租该不该aa制,0,0,0,11-07,#情侣同居房租该不该aa制#,#情侣同居房租该不该aa制#,阅读2.3亿,讨论1.9万
311,怎N挽回前男友前任,黄v,"#情侣同居房租该不该aa制#

美满的爱情让人开心得飘飘然，让人看不见对方的缺点，有时候，爱情却会让人盲目，让人失去痛感。多数沉溺在爱情中的人会想，“只要能和你在一起，我受了这些苦，都是值得的”。但是却不知道，正是你的这些“隐忍”，成为了对方的枷锁，成为了对方离开你的最重要的原因。 ...全文",3,38,19,11-07,#情侣同居房租该不该aa制#,#情侣同居房租该不该aa制#,阅读2.3亿,讨论1.9万
312,马桂林丨向生活学创业,黄v,"#情侣同居房租该不该AA制##恋爱#

得AA吧，不然还不被女权主义者喷死！ 网页链接",0,0,0,11-07,#情侣同居房租该不该aa制#,#情侣同居房租该不该aa制#,阅读2.3亿,讨论1.9万
313,马桂林丨向生活学创业,黄v,"#情侣同居房租该不该AA制##恋爱#

得AA吧，不然还不被女权主义者喷死！ 情侣同居房租应该怎么算?是否该由男方付?",0,0,0,11-07,#情侣同居房租该不该aa制#,#情侣同居房租该不该aa制#,阅读2.3亿,讨论1.9万
314,朱文V评,黄v,【20家规模房企去库存压力增大】受监测的20家上市房企主要分为三种类型。包括5家1500亿元以上的超大房企，11家500亿至1500亿元的大型房企，以及4家500亿元以下的中型房企。而这三大阵营的存货同比增速分别为14.6%、17.6%和14.3%。#情侣同居房租该不该aa制#,0,2,0,11-07,#情侣同居房租该不该aa制#,#情侣同居房租该不该aa制#,阅读2.3亿,讨论1.9万
315,粉熊的微博,金v,"今天一早就刷到个话题#情侣同居房租该不该aa制# 看0区的回复，傻妹妹还真多呀
仙女们，能接受谈恋爱完全AA制吗？(租房，开房，避孕套也AA) 粉熊的微博的微博投票",3,74,3029,11-07,#情侣同居房租该不该aa制#,#情侣同居房租该不该aa制#,阅读2.3亿,讨论1.9万
316,阿祖Zumret,黄v,"我和奥哥结婚一年了，还是AA制。亲兄弟明算账，谈恋爱也是一样的啊。钱这个东西最容易引发矛盾。不如就简简单单AA制。我俩不仅房租，账单、生活费都是AA制。抛开这些，互相不怎么管对方钱花在哪。当然约会或者庆祝肯定是其中一个人买单。

#情侣同居房租该不该aa制#",2,21,37,11-07,#情侣同居房租该不该aa制#,#情侣同居房租该不该aa制#,阅读2.3亿,讨论1.9万
317,星星在数月亮,普通用户,来自一个女生的袜子，我们找了好久味道，终于找到了。人家还和我们说她要去加拿大留学，一开始说大二去，后来又说毕业去，说能搞到绿卡，从那边毕业一定要回国。她还有个对象，她说他们两个人吃饭，开房间都是AA ，她不想欠他的，还说他们两个都是性冷淡，从来都是盖着纯聊天，聊一宿的。怪不得每次回 ...全文,0,0,0,11-07,#情侣同居房租该不该aa制#,#情侣同居房租该不该aa制#,阅读2.3亿,讨论1.9万
318,常德网警巡查执法,蓝v,【民警提示：预防电信诈骗谨记“六个一律”】“六个一律”：接到陌生电话，只要谈到银行卡，一律挂掉；谈到中奖，一律挂掉；谈到“电话转接公安局、法院”，一律挂掉；所有短信，但凡让点击链接的，一律删掉；微信里不认识的人发来链接，一律不点；一提到“安全账户”的，一律是诈骗。 ...全文,1,0,6,11-07,#情侣同居房租该不该aa制#,#情侣同居房租该不该aa制#,阅读2.3亿,讨论1.9万
319,BlueSeaAI蓝,普通用户,#情侣同居房租该不该AA制##恋爱#其实我觉得如果说确定会结婚，是很靠谱那种就可以由男方，如果说结婚的可能性小，还是AA比较好，不然分手的时候会吵架的 网页链接,0,0,0,11-07,#情侣同居房租该不该aa制#,#情侣同居房租该不该aa制#,阅读2.3亿,讨论1.9万
320,失恋分手挽回驿站,普通用户,"#分手之后做的第一件事#

很多人在男友离开的时候，会不断地给对方发“我好爱你”，“我好想你”之类的话，她们自以为这些话可以表达自己的爱意，但是殊不知这些行为只会让你的价值在他的心中变低，因为随手可得的东西，人往往是不会珍惜的。

所以想要挽回男友，你就不能说一些高需求感的话语，更不 ...全文",0,6,2,11-07,#情侣同居房租该不该aa制#,#情侣同居房租该不该aa制#,阅读2.3亿,讨论1.9万
321,悠然居士悠然居士,普通用户,该不该AA制就看两个人爱的深不深，搭伙作伴还是用心深爱！纯纯的爱情掺杂了太多的物质就会变味！若爱就应该深爱，抛开金钱与物质！#情侣同居房租该不该AA制# 青州市,0,0,0,11-07,#情侣同居房租该不该aa制#,#情侣同居房租该不该aa制#,阅读2.3亿,讨论1.9万
322,他叫天子,普通用户,#情侣同居房租该不该AA制#你敢aa我就敢扒了你的皮，做寿衣,0,0,0,11-07,#情侣同居房租该不该aa制#,#情侣同居房租该不该aa制#,阅读2.3亿,讨论1.9万
323,大强爱拍照,金v,"#情侣同居房租该不该AA制#这种事根本说不清楚，各有各的想法，各有各的做法。而且总有人把男女平等搬出来，掩盖他的自私。还有人说不AA的话吵架都没底气。或者说我婚后还AA呢。婚后归婚后，那是你们的生活，处于情侣阶段完全不同。

在我看来，如果你男朋友想和你合租同居，并且房租AA，这样的话你还不 ...全文",25,43,237,11-07,#情侣同居房租该不该aa制#,#情侣同居房租该不该aa制#,阅读2.3亿,讨论1.9万
324,黄亦萱,黄v,0微博,0,1,0,11-07,#情侣同居房租该不该aa制#,#情侣同居房租该不该aa制#,阅读2.3亿,讨论1.9万
325,分手挽回前男友前任,黄v,"当男人追求一个女人的时候，如果还没开始追，这个女人就到手了，那么他们就会觉得很乏味。

就好像两个差距很大的球队，刚开场就进了十个八个，那么他们就会觉得比赛很无聊，毫无悬念。

所以如果你希望一个男人珍惜你，那么就不要太轻易让他得手，如果挽回时男人对你表示出新的兴趣了，这个时候，千万 ...全文",0,0,0,11-07,#情侣同居房租该不该aa制#,#情侣同居房租该不该aa制#,阅读2.3亿,讨论1.9万
326,澜伽,普通用户,#情侣同居房租该不该AA制#各付各的费用相对来说比较好。不然分手了还会为了那么点鸡毛蒜皮的事儿谁出钱了谁没出钱吵一波。毕竟谈情伤感情，谈感情伤钱。,0,0,0,11-07,#情侣同居房租该不该aa制#,#情侣同居房租该不该aa制#,阅读2.3亿,讨论1.9万
327,陈大壮想要公主抱,普通用户,#情侣同居房租该不该AA制#让我想起了付辛博和颖儿结了婚以后，颖儿在节目中说过，月子还没出就开始减肥，怕胖，然后刚生了孩子没多久 就想复出拍戏 赚奶粉钱，不然的话怕没钱用。还有颖儿说生小孩是她花的钱，家里的开销也是她，跟老公是分开的（婚后AA）。我觉得还是看个人吧！虽然最后颖儿在节目中跟 ...全文,0,0,3,11-07,#情侣同居房租该不该aa制#,#情侣同居房租该不该aa制#,阅读2.3亿,讨论1.9万
328,蘑菇包的小淘气,普通用户,#情侣同居房租该不该AA制##恋爱#都可以吧！这也没有绝对的啊 情侣同居房租应该怎么算?是否该由男方付?,0,0,0,11-07,#情侣同居房租该不该aa制#,#情侣同居房租该不该aa制#,阅读2.3亿,讨论1.9万
329,眯眼看Q,金v,#情侣同居房租该不该AA制##恋爱#恋爱、婚姻应该是平等的，女生如果觉得一个男的让你觉得亏了，你可以换一个，不要总觉得对方亏欠你，于是应该这样、应该那样。对于比较大宗的支出，最好是根据两人的经济能力协商一个合理的方案，或者按比例分担，或者男生交房租，女生负担其他费用，诸如此类。如果两人 ...全文,0,0,0,11-07,#情侣同居房租该不该aa制#,#情侣同居房租该不该aa制#,阅读2.3亿,讨论1.9万
330,写家陶舜,黄v,#情侣同居房租该不该AA制#换个说法就好理解了，别讲AA，就讲要不要为对方付出吧，这样大家的答案就一致了,0,0,0,11-07,#情侣同居房租该不该aa制#,#情侣同居房租该不该aa制#,阅读2.3亿,讨论1.9万
331,怎N挽回前任前男友,金v,"#情侣同居房租该不该AA制#

情侣的话男生主动付房租会好一点，女生会有安全感依靠感。这看你对另一半的感情深不深了，如果足够深的话，你也不会纠结房租到底谁付这个问题了，你会想要把最好的都给对方的。个人觉得，男生要有勇气有担当，女生也是认可你才会同意同居的，如果房租还要平分，就有点伤感情 ...全文",1,43,18,11-07,#情侣同居房租该不该aa制#,#情侣同居房租该不该aa制#,阅读2.3亿,讨论1.9万
332,分手挽回前男友爱情婚姻,黄v,"情感语录超话男友提出分手该怎么挽回？怎么拯救爱情婚姻？《分手怎么挽回前男友男朋友前女友女朋友？怎么挽回爱情？怎么挽回婚姻？怎么挽回异国恋异地恋怎么挽回前任父母反对冷战冷暴力同性恋网恋姐弟恋？》
既然选择了挽回，那么就得让对方看到你的改变，看到你为了你们的爱情做出的变化。改变不 ...全文",19,34,609,11-07,#情侣同居房租该不该aa制#,#情侣同居房租该不该aa制#,阅读2.3亿,讨论1.9万
333,小后生在台州,金v,对于#情侣同居房租该不该AA制# 大家怎么看？,0,0,0,11-07,#情侣同居房租该不该aa制#,#情侣同居房租该不该aa制#,阅读2.3亿,讨论1.9万
334,CX满,金v,#情侣同居房租该不该AA制# 这个问题就仁者见仁 、智者见智了，就跟前几年我们讨论“婚前同居合不合适”的问题，现在再回看这个问题，反而觉得很正常了，觉得婚前同居不合适的人，往往会被认为思想腐朽，进而开始讨论同居该不该AA的问题，我想再过几年，这个问题也不算啥纠结的，尤其是随着现代女性越来 ...全文,61,58,137,11-07,#情侣同居房租该不该aa制#,#情侣同居房租该不该aa制#,阅读2.3亿,讨论1.9万
335,染柒月拾泗月,普通用户,"#情侣同居房租该不该AA制#
原博0很多女的就是给惯的，脑残剧看多了以为全世界都得围着你转呢？

抱怨合租还要做家务，免费的“情趣玩具”？

简直是自己物化自己，简直是从心底就看不起女性！！！

也难怪她们会那样认为，毕竟“她们”这种人也只能像“她们”说的那样生活了

（微博热搜热门0区 ...全文",0,0,0,11-07,#情侣同居房租该不该aa制#,#情侣同居房租该不该aa制#,阅读2.3亿,讨论1.9万
336,2019张延吉有钱有肉有计划,普通用户,#情侣同居房租该不该AA制##恋爱#每个人喜欢的人都不一样，大家也不要太多戾气，或许，你不喜欢的人或者事别人喜欢呢？ 网页链接,0,0,0,11-07,#情侣同居房租该不该aa制#,#情侣同居房租该不该aa制#,阅读2.3亿,讨论1.9万
337,走心话,黄v,"#情侣同居房租该不该AA制#

看到这个话题，闺蜜笑了：他们之间的感情也是有租期的吗？

闺蜜说，她家房租基本都是男友交的，男友工资不算高，他却说这责任，是在学着养家。每月交房租的日子，她和男友都会记得，男友工资发晚了，她就拿自己的钱把房租交上。日常开销也会帮补男友，过后她也不会再提这事 ...全文",0,2,0,11-07,#情侣同居房租该不该aa制#,#情侣同居房租该不该aa制#,阅读2.3亿,讨论1.9万
338,少年独角仙李主任和Tracy李婧楠,黄v,#情侣同居房租该不该AA制##恋爱#无论是AA还是某一方付，不提前商量好，后面肯定会引发矛盾的 网页链接,0,0,0,11-07,#情侣同居房租该不该aa制#,#情侣同居房租该不该aa制#,阅读2.3亿,讨论1.9万
339,请你及时闭嘴,普通用户,#情侣同居房租该不该AA制#哈哈哈哈哈 这个问题太有意思了 我觉得女方可以反问男方“如果你未来的女儿和男孩子同居 男生要她房租aa你什么感觉？”,0,0,0,11-07,#情侣同居房租该不该aa制#,#情侣同居房租该不该aa制#,阅读2.3亿,讨论1.9万
340,超萌物语摆件公仔,普通用户,#情侣同居房租该不该aa制#我觉得应该。转租一间深圳五号线坂田地铁站附近的房子,1,10,1,11-07,#情侣同居房租该不该aa制#,#情侣同居房租该不该aa制#,阅读2.3亿,讨论1.9万
341,拾忆望明天,普通用户,#情侣同居房租该不该AA制##恋爱#不要说同居AA制了，我就不同意婚前同居。情侣同居房租应该怎么算?是否该由男方付? 查看图片,0,0,0,11-07,#情侣同居房租该不该aa制#,#情侣同居房租该不该aa制#,阅读2.3亿,讨论1.9万
342,Ccooooooooooool,普通用户,情侣同居租房是一种什么感觉？#情侣同居房租该不该aa制#,0,6,1,11-07,#情侣同居房租该不该aa制#,#情侣同居房租该不该aa制#,阅读2.3亿,讨论1.9万
343,失恋少女的信箱_,黄v,"【博主，我忘不了初恋男友怎么办？】
和初恋谈了八年恋爱，分手一年后现在他要结婚了，我真的好爱他，觉得谁都没有他对我好，适合我。

答：
朱茵曾经在接受采访的时候说过：
“如果那个人是真的爱你，你走不掉的，跑不了的，除非他有意放你走，你还有什么不明白”。
#情侣同居房租该不该aa制# ...全文",1,1,6,11-07,#情侣同居房租该不该aa制#,#情侣同居房租该不该aa制#,阅读2.3亿,讨论1.9万
344,挽回-情感-思念-修复,金v,"#情侣同居房租该不该AA制#我喜欢的AA制不是形而上学的金钱付出平等，而是一种礼尚往来，即不失礼数又能增进彼此感情的做法。

例如，我花钱请你吃饭喝东西，你也愿意且主动请我唱K看电影，我送你包包和衣服，你送我球拍和球鞋。因为生活里总有些东西，如果是买给自己，总有些不舍，但送给心上人，却毫 ...全文",0,39,10,11-07,#情侣同居房租该不该aa制#,#情侣同居房租该不该aa制#,阅读2.3亿,讨论1.9万
345,辣阴胩梅淋,普通用户,#情侣同居房租该不该AA制##恋爱#该 网页链接,0,0,0,11-07,#情侣同居房租该不该aa制#,#情侣同居房租该不该aa制#,阅读2.3亿,讨论1.9万
346,人间神凡,普通用户,#情侣同居房租该不该AA制##恋爱#不应该 都是要同样的付出 网页链接,0,0,0,11-07,#情侣同居房租该不该aa制#,#情侣同居房租该不该aa制#,阅读2.3亿,讨论1.9万
347,怎么挽回前任前男友,金v,"恭喜学员分离新欢，成功复合！
恋爱不易，且行且珍惜，学员曾经要走到婚姻的感情被人横刀夺爱，现在终于完璧归赵，男生也体会到了她的好，不仅挽回感情也扭转了地位。所以感情中女生不要太主动，太主动反而叫自己失去了自身的价值，也不能过于恃宠而骄，要维持好一个度的把握，才能叫感情越来越好 ...全文",0,1,1,11-07,#情侣同居房租该不该aa制#,#情侣同居房租该不该aa制#,阅读2.3亿,讨论1.9万
348,词组失恋娇嫩多U7T6hK,普通用户,"独自站立目望前，
眼神盼望待情怀、
肤白貌美靓丽鲜，
性感身材露玉肩。",0,0,0,11-07,#情侣同居房租该不该aa制#,#情侣同居房租该不该aa制#,阅读2.3亿,讨论1.9万
349,苗一歌1,黄v,#情侣同居房租该不该AA制#这个怎么说呢，如果是男女关系的话，谁的工资高谁就多出点，毕竟感情在这了，就像夫妻之间生活一样。,0,0,0,11-07,#情侣同居房租该不该aa制#,#情侣同居房租该不该aa制#,阅读2.3亿,讨论1.9万
350,是啊婧婧呐,普通用户,"?? 府系臻美大境，献给懂得生活的你?? 可以恒大滨河府? 何必其他楼盘? 约138-180大三居，大四居?? 即将开盘?? 15535152265
#情侣同居房租该不该aa制# 太原 是啊婧婧呐的微博视频",0,1,1,11-07,#情侣同居房租该不该aa制#,#情侣同居房租该不该aa制#,阅读2.3亿,讨论1.9万
351,Designer-大为,黄v,"想重温初恋的感觉吗？
蜜茶色????????
让你找回初恋的甜蜜！#情侣同居房租该不该aa制#发型设计超话",0,0,3,11-07,#情侣同居房租该不该aa制#,#情侣同居房租该不该aa制#,阅读2.3亿,讨论1.9万
352,了不起的宋迈,普通用户,"#情侣同居房租该不该AA制#For me,I can’t accept to share the rent with my boyfriend.And I don’t care what others talk about me about this.
I did not mention that because you are my boyfriend,so you need to pay for that,instead I decided to live with you together that means I m th ...全文",0,1,4,11-07,#情侣同居房租该不该aa制#,#情侣同居房租该不该aa制#,阅读2.3亿,讨论1.9万
353,杭州微博房产,蓝v,#情侣同居房租该不该AA制#毕竟还没有结婚，不管各自的经济条件到底如何，都属于婚前财产，还是不要搅和在一起比较好吧；但如果男方买了房子，还只写了女方的名字，那就不用AA了，这样的男人也不多了啊 #杭州楼市#,1,0,0,11-07,#情侣同居房租该不该aa制#,#情侣同居房租该不该aa制#,阅读2.3亿,讨论1.9万
354,阿凉1002,普通用户,#情侣同居房租该不该AA制# 这问题是男方还是女方提出来的？我以前租房一个人住，我男朋友（现在是前男友）和别人一起租房的，所以在一起以后他是过来和我一起住的。一直都是我自己交的房租水电，半年多我都没问他要过。后来我自己买了房子，又开始装修，还要交房租，我就觉得自己特别穷。我就跟他提议 ...全文,1,7,1,11-07,#情侣同居房租该不该aa制#,#情侣同居房租该不该aa制#,阅读2.3亿,讨论1.9万
355,山西新房置业,普通用户,"晚上好！所有在太原忙碌着奋斗者的人们今天介绍的房子是位于平阳路旁?? 首开国风琅樾小区?? 的合租房，小区非常新，花园式环境非常优美，24小时安保监控一人一卡一进出，门口即是，多条公交?? 经过，交通很方便。
房子是业主精心维护的，全新装修，配备全新的家具家电，房间朝南采光通风 ...全文",0,9,12,11-07,#情侣同居房租该不该aa制#,#情侣同居房租该不该aa制#,阅读2.3亿,讨论1.9万
356,梦游糊涂仙,普通用户,#情侣同居房租该不该AA制#谁这么喜欢这种杠精的话题带节奏出来，你是希望你和你女朋友日后处成兄妹吧。带话题这种不配有女朋友。,0,1,2,11-07,#情侣同居房租该不该aa制#,#情侣同居房租该不该aa制#,阅读2.3亿,讨论1.9万
357,中医儿科郑家贵,金v,#情侣同居房租该不该AA制#情侣同房到底该不该AA制？这就看他们双方接触的程度了，不是说不可以。,0,0,1,11-07,#情侣同居房租该不该aa制#,#情侣同居房租该不该aa制#,阅读2.3亿,讨论1.9万
358,布蚀君,普通用户,#情侣同居房租该不该AA制#看收入吧,0,0,2,11-07,#情侣同居房租该不该aa制#,#情侣同居房租该不该aa制#,阅读2.3亿,讨论1.9万
359,芷月晴天,普通用户,#情侣同居房租该不该AA制#这个之前沟通愿意的留下不愿意的离开，千万不要后面说，留下一堆狗血?原来你是这样的人,0,0,0,11-07,#情侣同居房租该不该aa制#,#情侣同居房租该不该aa制#,阅读2.3亿,讨论1.9万
360,让回忆变得_森客,普通用户,#情侣同居房租该不该AA制#哪那么多事，同居，来我家啊，不收房租#宝宝的少女心#,0,0,0,11-07,#情侣同居房租该不该aa制#,#情侣同居房租该不该aa制#,阅读2.3亿,讨论1.9万
361,文艺的仙女淘,普通用户,#情侣同居房租该不该AA制#应该，谁的钱都不是天上掉下来的，况且还没结婚,0,0,0,11-07,#情侣同居房租该不该aa制#,#情侣同居房租该不该aa制#,阅读2.3亿,讨论1.9万
362,手绘物语头像定制,普通用户,#头像##情侣同居房租该不该aa制# 我觉得在同居之前都讲清楚，能接受，再同居会比较好，省的因为钱导致两人感情生变呀。 #约画找我# 深圳・民治,0,1,4,11-07,#情侣同居房租该不该aa制#,#情侣同居房租该不该aa制#,阅读2.3亿,讨论1.9万
363,东禾-艾灸养生,金v,"太溪、照海、涌泉是重要的滋阴穴，常灸可为身体“补水”，改善身体缺水带来的一系列肌肤问题。
#影视剧里意难平的CP##情侣同居房租该不该aa制#",1,38,37,11-07,#情侣同居房租该不该aa制#,#情侣同居房租该不该aa制#,阅读2.3亿,讨论1.9万
364,blue--止水,普通用户,#情侣同居房租该不该AA制#没有情侣，没同居过，何谈AA，没结婚就别整这烂糟的事,0,0,1,11-07,#情侣同居房租该不该aa制#,#情侣同居房租该不该aa制#,阅读2.3亿,讨论1.9万
365,学长请回答,黄v,如果朋友被绿，长沙姑娘可是不会跟你弯弯绕绕的！#情侣同居房租该不该AA制# 学长请回答的微博视频,0,0,1,11-07,#情侣同居房租该不该aa制#,#情侣同居房租该不该aa制#,阅读2.3亿,讨论1.9万
366,小公主-文文,普通用户,#情侣同居房租该不该aa制#如果AA制是不是就太见外了，情侣本身因为有爱所以亲近，如果划分的这么清楚就没必要在一起了，但也不能都要男方付出，可以根据情况谁的资金充裕点谁拿 另外一个人平时的日常开销生活用品可以多分担一下,0,0,0,11-07,#情侣同居房租该不该aa制#,#情侣同居房租该不该aa制#,阅读2.3亿,讨论1.9万
367,珍是个幼稚鬼,黄v,#情侣同居房租该不该AA制#该，不喜欢欠别人的,0,0,0,11-07,#情侣同居房租该不该aa制#,#情侣同居房租该不该aa制#,阅读2.3亿,讨论1.9万
368,良利哥,金v,#情侣同居房租该不该AA制# 还珠格格搞笑版：尔康相亲吃饭竟然AA制，真的是凭实力单身呐良利哥超话 良利哥的微博视频,1,1,12,11-07,#情侣同居房租该不该aa制#,#情侣同居房租该不该aa制#,阅读2.3亿,讨论1.9万
369,刚爸小厨,金v,"在家做卤鸡爪的时候我喜欢放点辣椒
香香辣辣的吃着才过瘾
今天这道香辣卤鸡爪不放一滴油
而且做法超级简单
做出来却非常好吃
喜欢鸡爪的朋友可以试试哦

香辣卤鸡爪

1、鸡爪洗净，剪掉指甲，剁开后焯一下水
3、另起锅烧水，放入鸡爪，
4、再放入葱、姜、八角、桂皮、香叶、辣椒
5、加入老 ...全文",85,14,154,11-07,#情侣同居房租该不该aa制#,#情侣同居房租该不该aa制#,阅读2.3亿,讨论1.9万
370,恃宠而骄YJH,普通用户,#情侣同居房租该不该AA制#A，不想欠着,0,0,0,11-07,#情侣同居房租该不该aa制#,#情侣同居房租该不该aa制#,阅读2.3亿,讨论1.9万
371,对你而言-----53021,普通用户,#情侣同居房租该不该AA制#找个有房的对象它不香吗 杭州・祥符,0,0,0,11-07,#情侣同居房租该不该aa制#,#情侣同居房租该不该aa制#,阅读2.3亿,讨论1.9万
372,肉肉真好吃_,普通用户,#情侣同居房租该不该AA制#我只想要回前任欠我的房租，生活费房租基本上都是我出，当时觉得没什么，现在想起来我好蠢啊，那可是一大笔钱啊哭唧唧,0,5,0,11-07,#情侣同居房租该不该aa制#,#情侣同居房租该不该aa制#,阅读2.3亿,讨论1.9万
373,酸酸的麻辣鱼Jone,普通用户,#情侣同居房租该不该AA制#居然都同居了还谈什么AA嘛，你的就是我的我的就是你的，资源共享，但前提是得有对象咯,0,0,0,11-07,#情侣同居房租该不该aa制#,#情侣同居房租该不该aa制#,阅读2.3亿,讨论1.9万
374,别拿暗恋当借口0,黄v,#情侣同居房租该不该AA制#开始厌恶这个患得患失，忽冷忽热，拼尽全力去逞强的自己。,0,0,1,11-07,#情侣同居房租该不该aa制#,#情侣同居房租该不该aa制#,阅读2.3亿,讨论1.9万
375,山有木兮待人归,普通用户,"#情侣同居房租该不该AA制#
应不应该AA制，这还是要看情侣双方的意愿吧。

如果朝婚姻方向走，恋爱中的支出确实要平衡，毕竟结婚之后，双方要为一个家庭去付出，提前AA制生活正好适应一下。

但是从另一个角度来说，恋爱中的女生在生理上处于绝对弱势地位，一旦发生意外，对女生身心是一个巨大打击，而 ...全文",0,0,0,11-07,#情侣同居房租该不该aa制#,#情侣同居房租该不该aa制#,阅读2.3亿,讨论1.9万
376,难过的蓝色米饭,普通用户,#情侣同居房租该不该AA制#如果我在大学或者研究生期间跟女朋友同居，我会把我生活费都给她，她管钱就好了。只要花销公开就好。既然有女生都愿意和你同居了，还有啥不啥的呢 烟台・烟台大学,0,2,5,11-07,#情侣同居房租该不该aa制#,#情侣同居房租该不该aa制#,阅读2.3亿,讨论1.9万
377,话雅安,黄v,"#情侣同居房租该不该AA制#
这个好难说啊
完全看个人好吧！不同的人会有不同的选择！只要自己觉得过的好，其他都是浮云…",0,0,0,11-07,#情侣同居房租该不该aa制#,#情侣同居房租该不该aa制#,阅读2.3亿,讨论1.9万
378,少吃饭多干活勤运动,普通用户,#情侣同居房租该不该AA制#为什么你们谈个恋爱在钱的问题上这么纠结，有钱一起花，没钱一起省着花不是很好嘛，一计较钱感情也会被计较的，我是这么觉得的，仅代表个人观点,0,0,0,11-07,#情侣同居房租该不该aa制#,#情侣同居房租该不该aa制#,阅读2.3亿,讨论1.9万
379,晴天太阳nee的赤金红海,黄v,"#情侣同居房租该不该AA制#如果是这个热搜里面的案例，那我觉得不该AA，因为女方负担所有生活支出和大部分家务，男方负责房租就很合理，结果男方提出要AA房租，那女方负责的生活支出和家务应该AA？而不是房租AA其他还是女方来。
抛开这个案例，我觉得在这件事上应该在同居前商量好，不要中途以“通知” ...全文",0,0,0,11-07,#情侣同居房租该不该aa制#,#情侣同居房租该不该aa制#,阅读2.3亿,讨论1.9万
380,哈哈哈233333333333333333,普通用户,#情侣同居房租该不该AA制#突然对小高很愧疚,0,0,0,11-07,#情侣同居房租该不该aa制#,#情侣同居房租该不该aa制#,阅读2.3亿,讨论1.9万
381,啊哦竟然有人,普通用户,#情侣同居房租该不该AA制#这件事没有应不应该吧，难道男生全付就公平，女生全付就不公平了？？完全看两个人自己的态度，还有经济水平，也不能说AA制就一定没有爱情，那这么说，女方一点房租不付也可以跟爱不爱男方挂钩了？男方也可以说：你不帮我承担房租，你不爱我,0,0,4,11-07,#情侣同居房租该不该aa制#,#情侣同居房租该不该aa制#,阅读2.3亿,讨论1.9万
382,郑州租房,黄v,#情侣同居房租该不该AA制#身边也有很多朋友选择婚前同居，房租基本上都是男朋友出的。。。女生只负责生活的日常就好了，比如买个垃圾袋，。女生在外独自租房一定要注意，都给我注意安全！！ 郑州租房的微博视频,0,1,4,11-07,#情侣同居房租该不该aa制#,#情侣同居房租该不该aa制#,阅读2.3亿,讨论1.9万
383,你是谁家的小人鹅,黄v,"#情侣同居房租该不该AA制#
既然都决定要住在一起了，当然避免不了一些鸡毛蒜皮的小事。
男生和女生都应该是要相互付出的：假如女生负责日常开销生活用品等，男生付房租。其实看似也算是双方都有付出的。也算是相对平衡的状态。
但是时间久了，这种事情也会可能发酵吧。
如果女生能主动去说：这次房租我 ...全文",0,0,1,11-07,#情侣同居房租该不该aa制#,#情侣同居房租该不该aa制#,阅读2.3亿,讨论1.9万
384,小t的鱼,普通用户,"#情侣同居房租该不该AA制#
要是aa就真的AA，房租 生活费 家务 还有费精力和脑力的家庭活动安排 家务活大扫除安排等等。甚至以后带孩子都AA吧，不是说单单干的话AA，需要费精力安排的，人情往来的，都平分。只要做到这样，女孩子也不用计较男女生理差异，怀个孩子去掉半条命的问题了，已经很好了。",0,0,0,11-07,#情侣同居房租该不该aa制#,#情侣同居房租该不该aa制#,阅读2.3亿,讨论1.9万
385,朔州网警巡查执法,蓝v,【民警提示：预防电信诈骗谨记“六个一律”】“六个一律”：接到陌生电话，只要谈到银行卡，一律挂掉；谈到中奖，一律挂掉；谈到“电话转接公安局、法院”，一律挂掉；所有短信，但凡让点击链接的，一律删掉；微信里不认识的人发来链接，一律不点；一提到“安全账户”的，一律是诈骗。 ...全文,0,0,3,11-07,#情侣同居房租该不该aa制#,#情侣同居房租该不该aa制#,阅读2.3亿,讨论1.9万
386,李正曦Sissi,金v,"我就是我的是我的你的也是我的全都是我的这种态度，咋滴吧？
不高兴？你来打我呀。。。
看我不报警把你抓起来去坐牢。。。
#情侣同居房租该不该AA制#",0,1,7,11-07,#情侣同居房租该不该aa制#,#情侣同居房租该不该aa制#,阅读2.3亿,讨论1.9万
387,刘小然529,黄v,"#情侣同居房租该不该AA制#
这个问题，我不知道别人是怎么做的。
我和我先生是奔着结婚的前提去交往的。
从在一起，我们之间的钱就是共用的。一起赚一起花。包括婚后，也一直是这样的。",0,0,1,11-07,#情侣同居房租该不该aa制#,#情侣同居房租该不该aa制#,阅读2.3亿,讨论1.9万
388,艾国华说,黄v,#情侣同居房租该不该aa制#如果是为爱鼓掌就不用aa了，如果是为性欢呼，aa可能更和谐。,0,0,1,11-07,#情侣同居房租该不该aa制#,#情侣同居房租该不该aa制#,阅读2.3亿,讨论1.9万
389,晓轼,普通用户,#情侣同居房租该不该AA制#这种话题就是侮辱智商，都是一帮基佬搞出来恶心人的。目的就是让人反感男女之间婆婆妈妈的事儿，现在基佬组织在下一盘很大的棋，拉拢女人，支持女权跟男人决裂，挑唆女人不婚。他们认为男人是不可能站在他们一边的，女人有同情心还有数量可观的腐女，拉拢女人最划算。姐妹们别 ...全文,0,0,0,11-07,#情侣同居房租该不该aa制#,#情侣同居房租该不该aa制#,阅读2.3亿,讨论1.9万
390,司马平邦,金v,回复@捍卫华夏共同体:把他打回精子状态。//@捍卫华夏共同体:还有同居分手后要精子费的呢,0,1,9,11-07,#情侣同居房租该不该aa制#,#情侣同居房租该不该aa制#,阅读2.3亿,讨论1.9万
391,二元穗子,普通用户,"#情侣同居房租该不该AA制#
前同事一对小情侣
一起在外面租房子住
每个月的工资男生都是全给女生
他让女生把她的钱存起来 花他的钱
男生家庭也很支持他
他妈妈还经常给男生打钱让他们吃点好的
平时休息的时候男生爱干净比较喜欢收拾
女生会躺在床上看看剧打打游戏
我不知道这是不是恋爱常有的状态
...全文",0,0,2,11-07,#情侣同居房租该不该aa制#,#情侣同居房租该不该aa制#,阅读2.3亿,讨论1.9万
392,大发格格儿,普通用户,"#情侣同居房租该不该AA制#

这个这个吧 有点难搞...
所以你看，还是得尽早结婚
不为别的，钱花的有底气呀～",0,5,0,11-07,#情侣同居房租该不该aa制#,#情侣同居房租该不该aa制#,阅读2.3亿,讨论1.9万
393,朱雨蒙耶,普通用户,#情侣同居房租该不该AA制#虽然我没有发言权 但我一定要说 我见过的不付房租的最后都是分手被撵出来得 所以房租一定要AA 建议性,0,0,2,11-07,#情侣同居房租该不该aa制#,#情侣同居房租该不该aa制#,阅读2.3亿,讨论1.9万
394,李正曦Sissi,金v,"很多女生没事的时候天天嚷嚷独立自主平权，一分手就骂渣男，何必呢？
男人就那样，该占的便宜就占，你不占他还觉得你贱。好着的时候别作，不好了就干脆利落地分手，e哭着喊着地给人看不起。
多简单的事情，非要男权女权地扯来扯去。
我掺和这个话题就是存储点阅读量，因为这两天我要好好码字没功夫来 ...全文",8,4,22,11-07,#情侣同居房租该不该aa制#,#情侣同居房租该不该aa制#,阅读2.3亿,讨论1.9万
395,802菜畦大部队,黄v,"#情侣同居房租该不该AA制#
谁有钱谁给就好了，为什么一定要AA
但也不是每个月只有一方有钱",0,0,0,11-07,#情侣同居房租该不该aa制#,#情侣同居房租该不该aa制#,阅读2.3亿,讨论1.9万
396,用户5666695607,普通用户,#情侣同居房租该不该AA制#肯定要AA制呀，但是女方承担所有家务和日常开销，男方就只付一半房租，这样肯定也不对。我觉得情侣之间应该AA制，21世纪了，应该也不会存在全要男朋友付钱的那种男尊女卑的思想的女生吧。,0,0,0,11-07,#情侣同居房租该不该aa制#,#情侣同居房租该不该aa制#,阅读2.3亿,讨论1.9万
397,郑州世联红璞公寓,蓝v,"#情侣同居房租该不该AA制#作为长租公寓来回答这个问题，觉得还是看双方具体情况吧。
一般男生应该主动承担起房租，而作为女方来讲，愿意积极主动表示承担房租，男方肯定会更尊重你，更爱你。",0,0,2,11-07,#情侣同居房租该不该aa制#,#情侣同居房租该不该aa制#,阅读2.3亿,讨论1.9万
398,PinkyRaina,普通用户,"#情侣同居房租该不该AA制#
看了讨论才明白不是所有男的都像我家那位房租开销家务全包了还忍受我的无理取闹",0,0,3,11-07,#情侣同居房租该不该aa制#,#情侣同居房租该不该aa制#,阅读2.3亿,讨论1.9万
399,球大师足彩专家,蓝v,"#情侣同居房租该不该AA制#
格拉斯哥流浪者在2012年经历了残酷的降到丙级处罚，经过多年的励精图治，如今又成为苏格兰联赛顶级球队，逐渐对凯尔特人的新王朝构成威胁。
在17-18赛季，时隔多年重返欧战的流浪者连欧联资格赛都没有跨过，而在上赛季，他们小组排名第三遗憾出局。本赛季，流浪 ...全文",0,0,0,11-07,#情侣同居房租该不该aa制#,#情侣同居房租该不该aa制#,阅读2.3亿,讨论1.9万
400,茶叶蛋kkw,黄v,"#王凯 不发自拍的手机##情侣同居房租该不该AA制#
可以AA制啊，这样两个人负担还能小一点",0,0,8,11-07,#情侣同居房租该不该aa制#,#情侣同居房租该不该aa制#,阅读2.3亿,讨论1.9万
401,无锡微博房产,蓝v,啊哈？！你觉得#情侣同居房租该不该AA制# ？ #楼市#,0,2,1,11-07,#情侣同居房租该不该aa制#,#情侣同居房租该不该aa制#,阅读2.3亿,讨论1.9万
402,不吃早餐真的会饿,普通用户,#情侣同居房租该不该AA制#我要有的话，肯定会让我女朋友交房租，因为我的工资卡会给她 济南,0,0,1,11-07,#情侣同居房租该不该aa制#,#情侣同居房租该不该aa制#,阅读2.3亿,讨论1.9万
403,网红奶茶加盟创业平台,黄v,#情侣同居房租该不该AA制#合伙开店搞事业，房租AA问题迎刃而解我就想这么干，但是我没对象,0,0,1,11-07,#情侣同居房租该不该aa制#,#情侣同居房租该不该aa制#,阅读2.3亿,讨论1.9万
404,今天会是开心的一天吗,普通用户,"#情侣同居房租该不该AA制#

同居前需要说清楚这些事情，我是比较倾向于两个人共同出一定比例的钱到一张卡里，生活必需品就用卡里的钱，至于比例根据两个人实际情况商量着来就好",0,0,0,11-07,#情侣同居房租该不该aa制#,#情侣同居房租该不该aa制#,阅读2.3亿,讨论1.9万
405,沉睡的咖啡猫,普通用户,"#情侣同居房租该不该AA制#男女朋友之间是否AA 其实看两个人的习惯了 也可以刚开始AA 随着关系的增进 改变成不是AA的状态 这没有一定的定数
这只是我个人的观点",0,0,0,11-07,#情侣同居房租该不该aa制#,#情侣同居房租该不该aa制#,阅读2.3亿,讨论1.9万
406,石家庄市反电信网络诈骗中心,蓝v,#防骗警报器# 【民警提示：预防电信诈骗谨记“六个一律”】“六个一律”：接到陌生电话，只要谈到银行卡，一律挂掉；谈到中奖，一律挂掉；谈到“电话转接公安局、法院”，一律挂掉；所有短信，但凡让点击链接的，一律删掉；微信里不认识的人发来链接，一律不点；一提到“安全账户”的，一律是诈骗。 ...全文,0,0,4,11-07,#情侣同居房租该不该aa制#,#情侣同居房租该不该aa制#,阅读2.3亿,讨论1.9万
407,浑水摸钱儿,普通用户,#情侣同居房租该不该AA制#？都不审题的吗……,0,0,1,11-07,#情侣同居房租该不该aa制#,#情侣同居房租该不该aa制#,阅读2.3亿,讨论1.9万
408,阿秀呀阿秀,普通用户,#情侣同居房租该不该AA制#@青春岁月为了狗 感谢你这么多年养着我没收我房租还给我钱花,0,0,0,11-07,#情侣同居房租该不该aa制#,#情侣同居房租该不该aa制#,阅读2.3亿,讨论1.9万
409,留白vrl,普通用户,#情侣同居房租该不该AA制#不该，什么都不该AA制。,0,0,0,11-07,#情侣同居房租该不该aa制#,#情侣同居房租该不该aa制#,阅读2.3亿,讨论1.9万
410,明年我会在哪里过着怎样的生活,普通用户,#情侣同居房租该不该AA制#真是一个很搞笑的问题为什么情侣总会跟AA放在一起成为个话题？真的想不明白怎么A得起来？炮友么？？ 合肥・雏菊苑,0,0,3,11-07,#情侣同居房租该不该aa制#,#情侣同居房租该不该aa制#,阅读2.3亿,讨论1.9万
411,鸡汤语录集,普通用户,#情侣同居房租该不该AA制#最好的爱情就是 觉得对方像猪 却还是怕他被别人抢走,0,0,0,11-07,#情侣同居房租该不该aa制#,#情侣同居房租该不该aa制#,阅读2.3亿,讨论1.9万
412,妥妥的女权,普通用户,咋的自己付钱给男人做保姆？#情侣同居房租该不该AA制#,0,0,0,11-07,#情侣同居房租该不该aa制#,#情侣同居房租该不该aa制#,阅读2.3亿,讨论1.9万
413,徐可爱的大哥,普通用户,#情侣同居房租该不该AA制#凡是跟爱情有关的事儿，没有应不应该，只有愿不愿意,0,0,0,11-07,#情侣同居房租该不该aa制#,#情侣同居房租该不该aa制#,阅读2.3亿,讨论1.9万
414,机智的大先生,黄v,"#情侣同居房租该不该AA制#这还用讨论嘛！有个情侣就不错了，之前没想谈恋爱因为不想被管住，昨晚出去土嗨，今天早上醒来我想了，我他么竟然抱着马桶在卫生间睡了一夜这个酸爽
问一嘴奥，有没有小姐姐想收了我的，我愿意！！！",8,6,9,11-07,#情侣同居房租该不该aa制#,#情侣同居房租该不该aa制#,阅读2.3亿,讨论1.9万
415,她的微博没名字,普通用户,#情侣同居房租该不该AA制#我家大林真的是好苦一男的，家里大大小小的支出全靠他自己，半年来没说过一句，还经常被我欺负，被我乱花钱气到肚子疼,0,0,0,11-07,#情侣同居房租该不该aa制#,#情侣同居房租该不该aa制#,阅读2.3亿,讨论1.9万
416,跳格橙,普通用户,"#情侣同居房租该不该AA制#

正式同居前没沟通好?
如果严格AA制请按照房租，家务，家用，旅游，性生活用品，男子结扎和后面复通的费用等等",0,0,0,11-07,#情侣同居房租该不该aa制#,#情侣同居房租该不该aa制#,阅读2.3亿,讨论1.9万
417,傲天的信箱,金v,"#情侣同居房租该不该AA制#
AA这个问题，无论是双方谁提出，我都觉得正常。不要认为是对方不爱你，不舍得为你花钱，既然你们能接受一起生活，就是彼此有爱的。日常生活中AA，让双方都更有尊严，经济独立也能给感情保鲜，不会因为感情中一方依赖另一方让感情出现危机。有危言耸听的嫌疑，拿本人来说，我 ...全文",0,11,298,11-07,#情侣同居房租该不该aa制#,#情侣同居房租该不该aa制#,阅读2.3亿,讨论1.9万
418,早安-晚安-句子,普通用户,你认为#情侣同居房租该不该AA制#？ 早安-晚安-句子的微博投票,2,4,652,11-07,#情侣同居房租该不该aa制#,#情侣同居房租该不该aa制#,阅读2.3亿,讨论1.9万
419,简单girl,普通用户,#情侣同居房租该不该AA制#我觉得两个人决定在一起就没必要计较这些，谁付都一样，前提是这个男孩值得我去付出，两个人在一起最好的相处模式的是，男人敢承担，女孩敢分担,0,0,0,11-07,#情侣同居房租该不该aa制#,#情侣同居房租该不该aa制#,阅读2.3亿,讨论1.9万
420,失恋分手挽回帮,金v,"你们对AA制可能有误解，其实男孩出房租，女生可以负责家里的生活费和水电煤等等杂费。

#情侣同居房租该不该AA制# 失恋分手挽回帮的微博视频",10,30,116,11-07,#情侣同居房租该不该aa制#,#情侣同居房租该不该aa制#,阅读2.3亿,讨论1.9万
421,暴走趣闻,金v,#情侣同居房租该不该AA制# 暴走趣闻的微博投票,0,2,78,11-07,#情侣同居房租该不该aa制#,#情侣同居房租该不该aa制#,阅读2.3亿,讨论1.9万
422,新浪新闻品牌官,蓝v,你认为#情侣同居房租该不该AA制#？ 新浪新闻品牌官的微博投票,2,13,487,11-07,#情侣同居房租该不该aa制#,#情侣同居房租该不该aa制#,阅读2.3亿,讨论1.9万
423,小陈情感杂货铺,金v,"其实情侣同居，不就是为了找到两个人在一起过日子的感觉吗，也为了能在往后真正一起生活的时候更得心应手。

那婚后两个人住在一起，也是要AA吗？当然不啊。

我有个不错的建议，给准备同居，或者正在同居的小情侣们。你们各拿出一部分钱，可以是一两千，或者更多，作为公用。这部分钱用来承担你们的房 ...全文",2474,942,8172,11-07,#情侣同居房租该不该aa制#,#情侣同居房租该不该aa制#,阅读2.3亿,讨论1.9万
424,深圳生活攻略,黄v,#情侣同居房租该不该AA制#？大家一起来说说！ （via.斑马信条）深圳 #深圳生活#深圳超话,301,210,171,11-07,#情侣同居房租该不该aa制#,#情侣同居房租该不该aa制#,阅读2.3亿,讨论1.9万
425,重庆生活播报,黄v,#情侣同居房租该不该AA制#？大家一起来说说！ （via.斑马信条）重庆 #重庆生活#重庆超话,506,220,242,11-07,#情侣同居房租该不该aa制#,#情侣同居房租该不该aa制#,阅读2.3亿,讨论1.9万
426,广州热门排行榜,金v,#情侣同居房租该不该AA制#？大家一起来说说！ （via.斑马信条）上海 #广州生活#广州超话,307,213,183,11-07,#情侣同居房租该不该aa制#,#情侣同居房租该不该aa制#,阅读2.3亿,讨论1.9万
427,失恋分手挽回帮,金v,"我一直觉得如果有机会
我应该是个合格的恋人
温柔大方善解人意之类的
但是一不小心太喜欢你了所以一切搞砸了
我成了幼稚又小心眼嫉妒心爆棚的讨厌鬼

#情侣同居房租该不该AA制#",5,24,15,11-07,#情侣同居房租该不该aa制#,#情侣同居房租该不该aa制#,阅读2.3亿,讨论1.9万
428,婚纱摄影汇,黄v,#情侣同居房租该不该aa制# 一起努力奋斗，才能创造美好幸福生活呀~,0,0,1,11-07,#情侣同居房租该不该aa制#,#情侣同居房租该不该aa制#,阅读2.3亿,讨论1.9万
429,巨蟹座Cancer,金v,#情侣同居房租该不该aa制#一个人负责房租一个人负责生活，两人互相配合着过日子不就好了，不要计较一些小事情，因为会变成大矛盾。还有就是结婚前不建议同居，除非见过家长订婚过的。,2,7,20,11-07,#情侣同居房租该不该aa制#,#情侣同居房租该不该aa制#,阅读2.3亿,讨论1.9万
430,上海生活播报,黄v,#情侣同居房租该不该AA制#？大家一起来说说！ （via.斑马信条）上海 #上海生活#上海超话,459,310,403,11-07,#情侣同居房租该不该aa制#,#情侣同居房租该不该aa制#,阅读2.3亿,讨论1.9万
431,新浪科技,蓝v,#情侣同居房租该不该AA制# ，对于“情侣同居，房租该不该AA”这个问题，一直以来都是众说纷纭，支持的呼声很高，反对的声音也不小。你怎么看？ 新浪科技的微博投票,18,170,8608,11-07,#情侣同居房租该不该aa制#,#情侣同居房租该不该aa制#,阅读2.3亿,讨论1.9万
432,失恋分手挽回帮,金v,"希望他最后娶一个像我一样的女孩
这样他就能一直记住我
又害怕他最后会娶一个像我一样的女孩
如果像我 为什么不是我

#情侣同居房租该不该AA制#",3,26,22,11-07,#情侣同居房租该不该aa制#,#情侣同居房租该不该aa制#,阅读2.3亿,讨论1.9万
433,凯紫,金v,"#情侣同居房租该不该AA制# 很多人说不AA就是拜金，但我想说，其实很多女孩并没有那么拜金，所谓的AA也好同甘共苦也罢，她们都能理解，支持，但是女生的潜在想法你真的了解吗？归结于一句话就是：

我愿意陪你吃苦奋斗，但你不能不顾及我的感受。 凯紫的微博视频",27,25,128,11-07,#情侣同居房租该不该aa制#,#情侣同居房租该不该aa制#,阅读2.3亿,讨论1.9万
434,南京头条,金v,#情侣同居房租该不该AA制#大家觉得情侣同居房租应该AA制吗？ 南京头条的微博投票,3,17,838,11-07,#情侣同居房租该不该aa制#,#情侣同居房租该不该aa制#,阅读2.3亿,讨论1.9万
435,人生资本论,黄v,#情侣同居房租该不该aa制# 【AA制尴尬伤感情?那轮流买单了解一下 ！】这一直都是困扰人们的问题，尤其是对男生而言，男生不主动买单不抢着付钱好像是对女孩的不重视？有什么办法不让AA那么尴尬呢？ 戳视频??视知TV的微博视频,3,5,14,11-07,#情侣同居房租该不该aa制#,#情侣同居房租该不该aa制#,阅读2.3亿,讨论1.9万
436,周成洋CY,金v,#情侣同居房租该不该AA制#这个问题情侣之间会有更多讨论吗？你能接受什么情况？你觉得应该怎么样？ 周成洋CY的微博投票,0,0,78,11-07,#情侣同居房租该不该aa制#,#情侣同居房租该不该aa制#,阅读2.3亿,讨论1.9万
437,CXFilm晨昕婚礼微电影,黄v,#情侣同居房租该不该AA制#只要两个人感情在线，这些都不算事儿。,0,0,71,11-07,#情侣同居房租该不该aa制#,#情侣同居房租该不该aa制#,阅读2.3亿,讨论1.9万
438,深圳微博房产,蓝v,你觉得#情侣同居房租该不该AA制#？ 深圳微博房产的微博投票,0,2,142,11-07,#情侣同居房租该不该aa制#,#情侣同居房租该不该aa制#,阅读2.3亿,讨论1.9万
439,杭州日报,蓝v,【“男友提出让我出一半房租” #情侣同居房租该不该AA制# ？ 】对于“情侣同居，房租该不该AA”这个问题，一直以来都有各种不同观点，你怎么看待这个问题，来说一说啊？,1,12,5,11-07,#情侣同居房租该不该aa制#,#情侣同居房租该不该aa制#,阅读2.3亿,讨论1.9万
440,晚安少年,金v,#情侣同居房租该不该AA制# 恋爱也是一种合作，需要双方共同努力，才能走得长远。这份《成年人交往准则》送给正在恋爱中的你们,8,5,43,11-07,#情侣同居房租该不该aa制#,#情侣同居房租该不该aa制#,阅读2.3亿,讨论1.9万
441,搞笑榜妹,金v,"#情侣同居房租该不该AA制#
在一段感情里我不0同任何一方一味地付出不求回报，另一方坐享其成。
男女关系就像跷跷板，一方总是太重另一方总是太高，这个游戏就没有玩的意义了。
如果认定了ta要一辈子走下去，不妨跟随自己的真心来，多些理解和包容，让这份感情更和谐。",1,0,17,11-07,#情侣同居房租该不该aa制#,#情侣同居房租该不该aa制#,阅读2.3亿,讨论1.9万
442,长春生活情报,金v,你觉得恋爱中该不该AA制？这题太难，一不小心就被分手！#情侣同居房租该不该AA制##你有什么烧钱的爱好# 心情心语心理学的微博视频,0,0,1,11-07,#情侣同居房租该不该aa制#,#情侣同居房租该不该aa制#,阅读2.3亿,讨论1.9万
443,鸿水,金v,"作为一个男人，也是过来人，我想说，既然情侣都同居了，房租还要计较该不该AA制，就显得太矫情太不男人了。如果是我，我是不会再提AA制的问题，是男人理应主动承担一些相应的开支，特别是一些主要的固定的硬性支出。

再说了，在感情上不要分得那么细那么理性，什么都AA了，那还同什么居，谈什么爱，结 ...全文",8,26,68,11-07,#情侣同居房租该不该aa制#,#情侣同居房租该不该aa制#,阅读2.3亿,讨论1.9万
444,我也爱你吖,金v,"说到aa这个问题我有必要谈一谈。
情侣同居要不要aa，当然是最好不，你们既然同居了关系肯定很亲密，那如果aa的话，就意味着你们买任何东西都是两人平摊钱，这样的生活跟找个室友有什么区别？其实我的建议就是租房费因为价格比较高你们可以各负一半，然后其他的生活费用可以这样分配，比如今天你买了这 ...全文",51,22,334,11-07,#情侣同居房租该不该aa制#,#情侣同居房租该不该aa制#,阅读2.3亿,讨论1.9万
445,尚修锐,普通用户,#情侣同居房租该不该AA制#好多理想主义者。。。看得我想笑，哈哈哈 上海,0,0,1,11-07,#情侣同居房租该不该aa制#,#情侣同居房租该不该aa制#,阅读2.3亿,讨论1.9万
446,小红果儿2017,普通用户,#情侣同居房租该不该AA制#这种事情约定好就行，。不过我家那位就是同居前，钱已经都上交了，所以没有存在这方面的问题 苏州,0,0,0,11-07,#情侣同居房租该不该aa制#,#情侣同居房租该不该aa制#,阅读2.3亿,讨论1.9万
447,沈阳身边事,金v,#情侣同居房租该不该AA制# 对于“情侣同居，房租该不该AA”这个问题，一直以来都是众说纷纭，支持的呼声很高，反对的声音也不小，你怎么看呢？ 沈阳身边事的微博投票,1,5,355,11-07,#情侣同居房租该不该aa制#,#情侣同居房租该不该aa制#,阅读2.3亿,讨论1.9万
448,打一把吗,普通用户,#情侣同居房租该不该AA制#归根结底，都是因为穷。,0,0,1,11-07,#情侣同居房租该不该aa制#,#情侣同居房租该不该aa制#,阅读2.3亿,讨论1.9万
449,轩哥小迷妹,普通用户,#情侣同居房租该不该AA制#根本就不应该同居,0,3,0,11-07,#情侣同居房租该不该aa制#,#情侣同居房租该不该aa制#,阅读2.3亿,讨论1.9万
450,SmoothcriminalRx,普通用户,"#情侣同居房租该不该AA制#我和我媳妇今年八月份刚刚结完婚，我是一个90后。
大学临近毕业的时候我俩就同居了，那时候我生活费不多，基本房租都是她担负的。
我们的钱都放在一起，直到后来毕业直接去北京发展，我们租了一间整租4060一个月的房子，生活质量没得挑，押一付三那种，压力还蛮大的，而且她挣 ...全文",0,1,1,11-07,#情侣同居房租该不该aa制#,#情侣同居房租该不该aa制#,阅读2.3亿,讨论1.9万
451,倘若joker,黄v,#情侣同居房租该不该AA制#这个答案我喜欢,0,6,2,11-07,#情侣同居房租该不该aa制#,#情侣同居房租该不该aa制#,阅读2.3亿,讨论1.9万
452,吕梁网警巡查执法,蓝v,【民警提示：预防电信诈骗谨记“六个一律”】“六个一律”：接到陌生电话，只要谈到银行卡，一律挂掉；谈到中奖，一律挂掉；谈到“电话转接公安局、法院”，一律挂掉；所有短信，但凡让点击链接的，一律删掉；微信里不认识的人发来链接，一律不点；一提到“安全账户”的，一律是诈骗。 ...全文,1,2,9,11-07,#情侣同居房租该不该aa制#,#情侣同居房租该不该aa制#,阅读2.3亿,讨论1.9万
453,旁观ing_,黄v,#王凯 不发自拍的手机##情侣同居房租该不该aa制# 呃，我并不物质，但接受不了AA，特别是奔着结婚去的。如果只是相互取暖，另说。,0,0,3,11-07,#情侣同居房租该不该aa制#,#情侣同居房租该不该aa制#,阅读2.3亿,讨论1.9万
